file,rms,zero_crossings,peak,spectral_centroid,primes,zk_url
complexity_lattice_key.wav,11582.5,1288,30781,644.0,"[2, 7, 13, 17, 19]",https://github.com/Escaped-RDFa/namespace?row=1&file=generated/audio_features.parquet&freq=493.88&proof=3f
24h_resource_plan.wav,13378.2,1854,32761,927.0,"[2, 7, 13, 17, 19]",https://github.com/Escaped-RDFa/namespace?row=2&file=generated/audio_features.parquet&freq=440.00&proof=5e
eco_unification.wav,16387.6,1167,32766,583.5,"[2, 3, 7, 13, 17, 19]",https://github.com/Escaped-RDFa/namespace?row=3&file=generated/audio_features.parquet&freq=523.25&proof=7d
bisimulation.wav,13377.7,1263,32736,631.5,"[2, 7, 13, 17, 19]",https://github.com/Escaped-RDFa/namespace?row=4&file=generated/audio_features.parquet&freq=440.00&proof=9c
c_syntax_harmonics.wav,16368.4,973,32757,486.5,"[2, 3, 13, 17]",https://github.com/Escaped-RDFa/namespace?row=5&file=generated/audio_features.parquet&freq=587.33&proof=bb
comprehend_lean_core.wav,16368.4,973,32757,486.5,"[2, 3, 13, 17]",https://github.com/Escaped-RDFa/namespace?row=6&file=generated/audio_features.parquet&freq=440.00&proof=da
complexity_growth_proof.wav,11585.8,1807,32538,903.5,"[2, 7, 13, 17, 19]",https://github.com/Escaped-RDFa/namespace?row=7&file=generated/audio_features.parquet&freq=440.00&proof=f9
c_complexity_facts.wav,9472.4,1511,30184,755.5,"[7, 13, 17, 19]",https://github.com/Escaped-RDFa/namespace?row=8&file=generated/audio_features.parquet&freq=440.00&proof=118
closed_loop_primes.wav,13378.3,1345,32713,672.5,"[2, 7, 13, 17, 19]",https://github.com/Escaped-RDFa/namespace?row=9&file=generated/audio_features.parquet&freq=659.25&proof=137
automorphic_orbits.wav,16368.4,973,32757,486.5,"[2, 3, 13, 17]",https://github.com/Escaped-RDFa/namespace?row=10&file=generated/audio_features.parquet&freq=440.00&proof=156
analyze_all_repos.wav,11582.5,1288,30781,644.0,"[2, 7, 13, 17, 19]",https://github.com/Escaped-RDFa/namespace?row=11&file=generated/audio_features.parquet&freq=698.46&proof=175
c_complexity_lattice.wav,13370.7,1177,32721,588.5,"[2, 7, 13, 17, 19]",https://github.com/Escaped-RDFa/namespace?row=12&file=generated/audio_features.parquet&freq=440.00&proof=194
consume_parquet_git_prolog.wav,13377.7,1263,32736,631.5,"[2, 7, 13, 17, 19]",https://github.com/Escaped-RDFa/namespace?row=13&file=generated/audio_features.parquet&freq=440.00&proof=1b3
analyze_everything.wav,11578.8,1340,30732,670.0,"[2, 7, 13, 17, 19]",https://github.com/Escaped-RDFa/namespace?row=14&file=generated/audio_features.parquet&freq=440.00&proof=1d2
compcert_monster.wav,23171.5,987,32767,493.5,"[2, 3, 5, 13, 17]",https://github.com/Escaped-RDFa/namespace?row=15&file=generated/audio_features.parquet&freq=783.99&proof=1f1
dataset_complexity_binding.wav,13397.1,1132,32726,566.0,"[2, 7, 13, 17, 19]",https://github.com/Escaped-RDFa/namespace?row=16&file=generated/audio_features.parquet&freq=440.00&proof=210
coq_of_rust_integration.wav,16387.6,1167,32766,583.5,"[2, 3, 7, 13, 17, 19]",https://github.com/Escaped-RDFa/namespace?row=17&file=generated/audio_features.parquet&freq=880.00&proof=22f
bott_k_theory.wav,16380.2,1376,32767,688.0,"[2, 3, 7, 13, 17, 19]",https://github.com/Escaped-RDFa/namespace?row=18&file=generated/audio_features.parquet&freq=440.00&proof=24e
all_repos.wav,23171.5,987,32767,493.5,"[2, 3, 5, 13, 17]",https://github.com/Escaped-RDFa/namespace?row=19&file=generated/audio_features.parquet&freq=440.00&proof=26d
consume_prolog_variants.wav,13402.0,1065,32624,532.5,"[2, 7, 13, 17, 19]",https://github.com/Escaped-RDFa/namespace?row=20&file=generated/audio_features.parquet&freq=440.00&proof=28c
bootstrap_proof.wav,13402.0,1065,32624,532.5,"[2, 7, 13, 17, 19]",https://github.com/Escaped-RDFa/namespace?row=21&file=generated/audio_features.parquet&freq=987.77&proof=2ab
escher_loop.wav,16387.7,1550,32767,775.0,"[2, 3, 7, 13, 17, 19]",https://github.com/Escaped-RDFa/namespace?row=22&file=generated/audio_features.parquet&freq=440.00&proof=2ca
analyze_all.wav,13382.4,1184,32560,592.0,"[2, 7, 13, 17, 19]",https://github.com/Escaped-RDFa/namespace?row=23&file=generated/audio_features.parquet&freq=440.00&proof=2e9
coq_proof_harmonics.wav,23171.5,987,32767,493.5,"[2, 3, 5, 13, 17]",https://github.com/Escaped-RDFa/namespace?row=24&file=generated/audio_features.parquet&freq=440.00&proof=308
