entity,cycles,instructions,cache_misses,time_ns,original_data
1,600,900,0,300,"2,file,"generated/emoji_patterns.rs","[2]""
2,700,1050,1,350,"2,file,"generated/mes_verified.rs","[2]""
3,800,1200,1,400,"2,file,"generated/prolog_fast.rs","[2]""
4,900,1350,1,450,"2,file,"generated/prolog_interp.rs","[2]""
5,1000,1500,1,500,"2,file,"generated/prolog_to_rust.rs","[2]""
6,1100,1650,1,550,"2,file,"generated/regenerated_prime.rs","[2]""
7,1200,1800,1,600,"2,file,"generated/rust_primes.rs","[2]""
8,1300,1950,1,650,"2,file,"generated/rust_verified.rs","[2]""
9,1400,2100,2,700,"2,tool,"audio_analyzer.rs","[2]""
10,1500,2250,2,750,"2,tool,"elf_complexity_23.rs","[2]""
11,1600,2400,2,800,"2,tool,"extract_noweb.rs","[2]""
12,1700,2550,2,850,"2,tool,"generate_clean_datasets.rs","[2]""
13,1800,2700,2,900,"3,file,"generated/MINING_INSTRUCTIONS.md","[3]""
14,1900,2850,2,950,"3,file,"generated/c_scheme_unification.v","[3]""
15,2000,3000,3,1000,"3,file,"generated/compiler_symphony.ly","[3]""
16,2100,3150,3,1050,"3,file,"generated/convergence.v","[3]""
17,2200,3300,3,1100,"3,file,"generated/coq_extracted.cmi","[3]""
18,2300,3450,3,1150,"3,file,"generated/coq_extracted.cmx","[3]""
19,2400,3600,3,1200,"3,file,"generated/coq_extracted.ml","[3]""
20,2500,3750,3,1250,"3,file,"generated/coq_extracted.o","[3]""
21,2600,3900,3,1300,"3,file,"generated/factorial.c","[3]""
22,2700,4050,4,1350,"3,file,"generated/factorial_gcc","[3]""
23,2800,4200,4,1400,"3,file,"generated/factorial_gcc.objdump","[3]""
24,2900,4350,4,1450,"3,file,"generated/factorial_gcc.s","[3]""
25,3000,4500,4,1500,"3,file,"generated/flag_2_2","[3]""
26,3100,4650,4,1550,"3,file,"generated/flag_2_3","[3]""
27,3200,4800,4,1600,"3,file,"generated/flag_2_5","[3]""
28,3300,4950,4,1650,"3,file,"generated/flag_2_7","[3]""
29,3400,5100,5,1700,"3,file,"generated/flag_30_2","[3]""
30,3500,5250,5,1750,"3,file,"generated/flag_30_3","[3]""
31,3600,5400,5,1800,"3,file,"generated/flag_30_5","[3]""
32,3700,5550,5,1850,"3,file,"generated/flag_30_7","[3]""
33,3800,5700,5,1900,"3,file,"generated/flag_6_2","[3]""
34,3900,5850,5,1950,"3,file,"generated/flag_6_3","[3]""
35,4000,6000,6,2000,"3,file,"generated/flag_6_5","[3]""
36,4100,6150,6,2050,"3,file,"generated/flag_6_7","[3]""
37,4200,6300,6,2100,"3,file,"generated/godel_10_2","[3]""
38,4300,6450,6,2150,"3,file,"generated/godel_10_2.c","[3]""
39,4400,6600,6,2200,"3,file,"generated/godel_10_5","[3]""
40,4500,6750,6,2250,"3,file,"generated/godel_10_5.c","[3]""
41,4600,6900,6,2300,"3,file,"generated/godel_210_2","[3]""
42,4700,7050,7,2350,"3,file,"generated/godel_210_2.c","[3]""
43,4800,7200,7,2400,"3,file,"generated/godel_210_3","[3]""
44,4900,7350,7,2450,"3,file,"generated/godel_210_3.c","[3]""
45,5000,7500,7,2500,"3,file,"generated/godel_210_5","[3]""
46,5100,7650,7,2550,"3,file,"generated/godel_210_5.c","[3]""
47,5200,7800,7,2600,"3,file,"generated/godel_210_7","[3]""
48,5300,7950,7,2650,"3,file,"generated/godel_210_7.c","[3]""
49,5400,8100,8,2700,"3,file,"generated/godel_2_2","[3]""
50,5500,8250,8,2750,"3,file,"generated/godel_2_2.c","[3]""
51,5600,8400,8,2800,"3,file,"generated/godel_2_2_optimized","[3]""
52,5700,8550,8,2850,"3,file,"generated/godel_30_2","[3]""
53,5800,8700,8,2900,"3,file,"generated/godel_30_2.c","[3]""
54,5900,8850,8,2950,"3,file,"generated/godel_30_3","[3]""
55,6000,9000,9,3000,"3,file,"generated/godel_30_3.c","[3]""
56,6100,9150,9,3050,"3,file,"generated/godel_30_5","[3]""
57,6200,9300,9,3100,"3,file,"generated/godel_30_5.c","[3]""
58,6300,9450,9,3150,"3,file,"generated/godel_30_5_optimized","[3]""
59,6400,9600,9,3200,"3,file,"generated/godel_6_2","[3]""
60,6500,9750,9,3250,"3,file,"generated/godel_6_2.c","[3]""
61,6600,9900,9,3300,"3,file,"generated/godel_6_3","[3]""
62,6700,10050,10,3350,"3,file,"generated/godel_6_3.c","[3]""
63,6800,10200,10,3400,"3,file,"generated/godel_6_3_optimized","[3]""
64,6900,10350,10,3450,"3,file,"generated/llm_activation.log","[3]""
65,7000,10500,10,3500,"3,file,"generated/maxwells_equations.scm","[3]""
66,7100,10650,10,3550,"3,file,"generated/maxwells_equations.v","[3]""
67,7200,10800,10,3600,"3,file,"generated/maxwells_equations_mes.scm","[3]""
68,7300,10950,10,3650,"3,file,"generated/mes_metacoq.v","[3]""
69,7400,11100,11,3700,"3,file,"generated/monster_lattice_report.log","[3]""
70,7500,11250,11,3750,"3,file,"generated/monster_lattice_report.tex","[3]""
71,7600,11400,11,3800,"3,file,"generated/monster_literate.nw","[3]""
72,7700,11550,11,3850,"3,file,"generated/muselang.ll","[3]""
73,7800,11700,11,3900,"3,file,"generated/musical_score.txt","[3]""
74,7900,11850,11,3950,"3,file,"generated/ocaml_primes","[3]""
75,8000,12000,12,4000,"3,file,"generated/ocaml_to_coq.v","[3]""
76,8100,12150,12,4050,"3,file,"generated/optimized_order.txt","[3]""
77,8200,12300,12,4100,"3,file,"generated/perf_10_2.data","[3]""
78,8300,12450,12,4150,"3,file,"generated/perf_10_5.data","[3]""
79,8400,12600,12,4200,"3,file,"generated/perf_210_2.data","[3]""
80,8500,12750,12,4250,"3,file,"generated/perf_210_3.data","[3]""
81,8600,12900,12,4300,"3,file,"generated/perf_210_5.data","[3]""
82,8700,13050,13,4350,"3,file,"generated/perf_210_7.data","[3]""
83,8800,13200,13,4400,"3,file,"generated/perf_2_2.data","[3]""
84,8900,13350,13,4450,"3,file,"generated/perf_30_2.data","[3]""
85,9000,13500,13,4500,"3,file,"generated/perf_30_3.data","[3]""
86,9100,13650,13,4550,"3,file,"generated/perf_30_5.data","[3]""
87,9200,13800,13,4600,"3,file,"generated/perf_6_2.data","[3]""
88,9300,13950,13,4650,"3,file,"generated/perf_6_3.data","[3]""
89,9400,14100,14,4700,"3,file,"generated/perf_clang.data","[3]""
90,9500,14250,14,4750,"3,file,"generated/perf_clang.data.old","[3]""
91,9600,14400,14,4800,"3,file,"generated/perf_closed_loop.data","[3]""
92,9700,14550,14,4850,"3,file,"generated/perf_closed_loop.data.old","[3]""
93,9800,14700,14,4900,"3,file,"generated/perf_coq_extracted.txt","[3]""
94,9900,14850,14,4950,"3,file,"generated/perf_gcc.data","[3]""
95,10000,15000,15,5000,"3,file,"generated/perf_gcc.data.old","[3]""
96,10100,15150,15,5050,"3,file,"generated/perf_llm_activation.data","[3]""
97,10200,15300,15,5100,"3,file,"generated/perf_llm_activation.data.old","[3]""
98,10300,15450,15,5150,"3,file,"generated/perf_maxwells_mes.data","[3]""
99,10400,15600,15,5200,"3,file,"generated/perf_ocaml_primes.data","[3]""
100,10500,15750,15,5250,"3,file,"generated/perf_rust_original.txt","[3]""
101,10600,15900,15,5300,"3,file,"generated/perf_rust_primes_bin.data","[3]""
102,10700,16050,16,5350,"3,file,"generated/perf_rust_verified.data","[3]""
103,10800,16200,16,5400,"3,file,"generated/perf_rust_verified.txt","[3]""
104,10900,16350,16,5450,"3,file,"generated/perf_tcc.data","[3]""
105,11000,16500,16,5500,"3,file,"generated/perf_tcc.data.old","[3]""
106,11100,16650,16,5550,"3,file,"generated/prime_harmony.wav","[3]""
107,11200,16800,16,5600,"3,file,"generated/prolog_demo.html","[3]""
108,11300,16950,16,5650,"3,file,"generated/prolog_interp.v","[3]""
109,11400,17100,17,5700,"3,file,"generated/prolog_interp_metacoq.v","[3]""
110,11500,17250,17,5750,"3,file,"generated/prolog_symphony.ly","[3]""
111,11600,17400,17,5800,"3,file,"generated/prolog_symphony.midi","[3]""
112,11700,17550,17,5850,"3,file,"generated/prolog_symphony.pdf","[3]""
113,11800,17700,17,5900,"3,file,"generated/prolog_symphony.wav","[3]""
114,11900,17850,17,5950,"3,file,"generated/regenerated_prime.c","[3]""
115,12000,18000,18,6000,"3,file,"generated/regenerated_prime.ml","[3]""
116,12100,18150,18,6050,"3,file,"generated/regenerated_prime.v","[3]""
117,12200,18300,18,6100,"3,file,"generated/rust_primes_bin","[3]""
118,12300,18450,18,6150,"3,file,"generated/rust_to_coq.v","[3]""
119,12400,18600,18,6200,"3,file,"generated/rust_to_coq.v.extract","[3]""
120,12500,18750,18,6250,"3,file,"generated/rust_verified","[3]""
121,12600,18900,18,6300,"3,file,"generated/scheme_dependent_type.v","[3]""
122,12700,19050,19,6350,"3,file,"generated/symphony_layout.mzn","[3]""
123,12800,19200,19,6400,"3,file,"generated/syntax_lattice.v","[3]""
124,12900,19350,19,6450,"3,file,"generated/test_3_1_profiled","[3]""
125,13000,19500,19,6500,"3,file,"generated/test_3_1_profiled_profile.perf.data","[3]""
126,13100,19650,19,6550,"3,file,"generated/test_3_1_profiled_profile.perf.data.old","[3]""
127,13200,19800,19,6600,"3,file,"generated/zkprologml_v3.nw","[3]""
128,13300,19950,19,6650,"17,file,"generated/71_memes.json","[17]""
129,13400,20100,20,6700,"17,file,"generated/llm_activations.json","[17]""
130,13500,20250,20,6750,"19,file,"generated/audio_features.parquet","[19]""
131,13600,20400,20,6800,"23,tool,"24_hour_system.nix","[23]""
132,13700,20550,20,6850,"23,tool,"fifth_generation.nix","[23]""
133,13800,20700,20,6900,"23,tool,"trisimulation.nix","[23]""
134,13900,20850,20,6950,"23,tool,"zkml_seed.nix","[23]""
135,14000,21000,21,7000,"31,tool,"monitor_llm_activation.sh","[31]""
136,14100,21150,21,7050,"31,tool,"run_llm_activation_bg.sh","[31]""
137,14200,21300,21,7100,"61,file,"generated/c_scheme_unification.lean","[61]""
138,14300,21450,21,7150,"61,file,"generated/convergence.lean","[61]""
139,14400,21600,21,7200,"61,file,"generated/emoji_patterns.lean","[61]""
140,14500,21750,21,7250,"61,file,"generated/maxwells_equations.lean","[61]""
141,14600,21900,21,7300,"61,file,"generated/opcode_matrix.lean","[61]""
142,14700,22050,22,7350,"61,file,"generated/prime_convergence.lean","[61]""
143,14800,22200,22,7400,"61,file,"generated/runtime_convergence.lean","[61]""
144,14900,22350,22,7450,"61,tool,"71_layers_proof.lean","[61]""
145,15000,22500,22,7500,"61,tool,"all_theorems.lean","[61]""
146,15100,22650,22,7550,"61,tool,"athena_lattice.lean","[61]""
147,15200,22800,22,7600,"61,tool,"bott_periodicity_proof.lean","[61]""
148,15300,22950,22,7650,"61,tool,"c_syntax_harmonics.lean","[61]""
149,15400,23100,23,7700,"61,tool,"compcert_reconstruction.lean","[61]""
150,15500,23250,23,7750,"61,tool,"compiler_equivalence.lean","[61]""
151,15600,23400,23,7800,"61,tool,"complete_bott_proof.lean","[61]""
152,15700,23550,23,7850,"61,tool,"coq_proof_harmonics.lean","[61]""
153,15800,23700,23,7900,"61,tool,"elf_complexity_23.lean","[61]""
154,15900,23850,23,7950,"61,tool,"gcc_tree_mapping.lean","[61]""
155,16000,24000,24,8000,"61,tool,"grand_unification.lean","[61]""
156,16100,24150,24,8050,"61,tool,"honest_proof.lean","[61]""
157,16200,24300,24,8100,"61,tool,"knuth_lean4_proofs.lean","[61]""
158,16300,24450,24,8150,"61,tool,"langlands_monster.lean","[61]""
159,16400,24600,24,8200,"61,tool,"lean_core_comprehension.lean","[61]""
160,16500,24750,24,8250,"61,tool,"lean_monster_scores.lean","[61]""
161,16600,24900,24,8300,"61,tool,"lifting_tower.lean","[61]""
162,16700,25050,25,8350,"61,tool,"lists_of_lists_model.lean","[61]""
163,16800,25200,25,8400,"61,tool,"lists_of_lists_producer_proof.lean","[61]""
164,16900,25350,25,8450,"61,tool,"lmfdb_monster_mathlib.lean","[61]""
165,17000,25500,25,8500,"61,tool,"lmfdb_monster_proof.lean","[61]""
166,17100,25650,25,8550,"61,tool,"mes_equivalence.lean","[61]""
167,17200,25800,25,8600,"61,tool,"metacoq_extraction.lean","[61]""
168,17300,25950,25,8650,"61,tool,"monster_complexity_proof.lean","[61]""
169,17400,26100,26,8700,"61,tool,"monster_genus_zero_induction.lean","[61]""
170,17500,26250,26,8750,"61,tool,"nine_muses.lean","[61]""
171,17600,26400,26,8800,"61,tool,"perf_trace_monotonic.lean","[61]""
172,17700,26550,26,8850,"61,tool,"prolog_in_lean4.lean","[61]""
173,17800,26700,26,8900,"61,tool,"scheme_c_convergence.lean","[61]""
174,17900,26850,26,8950,"61,tool,"search_proof.lean","[61]""
175,18000,27000,27,9000,"61,tool,"system_lmfdb_isomorphism.lean","[61]""
176,18100,27150,27,9050,"61,tool,"theorem_21.lean","[61]""
177,18200,27300,27,9100,"61,tool,"theorem_42.lean","[61]""
178,18300,27450,27,9150,"61,tool,"trisimulation.lean","[61]""
179,18400,27600,27,9200,"61,tool,"universal_compiler.lean","[61]""
180,18500,27750,27,9250,"61,tool,"universal_convergence.lean","[61]""
181,18600,27900,27,9300,"61,tool,"ziggurat_tower.lean","[61]""
182,18700,28050,28,9350,"61,tool,"zkprologml_metacoq_equiv.lean","[61]""
183,18800,28200,28,9400,"67,tool,"calculate_heat.py","[67]""
184,18900,28350,28,9450,"67,tool,"correlate_complexity_heat.py","[67]""
185,19000,28500,28,9500,"67,tool,"export_llm_traces_parquet.py","[67]""
186,19100,28650,28,9550,"67,tool,"measure_closed_loop_heat.py","[67]""
187,19200,28800,28,9600,"71,file,"generated/convergence.pl","[71]""
188,19300,28950,28,9650,"71,file,"generated/emoji_patterns.pl","[71]""
189,19400,29100,29,9700,"71,file,"generated/extracted_verify.pl","[71]""
190,19500,29250,29,9750,"71,file,"generated/regenerated_prime.pl","[71]""
191,19600,29400,29,9800,"71,file,"generated/zkprologml_mes.pl","[71]""
192,19700,29550,29,9850,"71,tool,"24h_resource_plan.pl","[71]""
193,19800,29700,29,9900,"71,tool,"71_meme_mining.pl","[71]""
194,19900,29850,29,9950,"71,tool,"all_repos.pl","[71]""
195,20000,30000,30,10000,"71,tool,"analyze_all.pl","[71]""
196,20100,30150,30,10050,"71,tool,"analyze_all_repos.pl","[71]""
197,20200,30300,30,10100,"71,tool,"analyze_everything.pl","[71]""
198,20300,30450,30,10150,"71,tool,"automorphic_orbits.pl","[71]""
199,20400,30600,30,10200,"71,tool,"bisimulation.pl","[71]""
200,20500,30750,30,10250,"71,tool,"bootstrap_proof.pl","[71]""
201,20600,30900,30,10300,"71,tool,"bott_k_theory.pl","[71]""
202,20700,31050,31,10350,"71,tool,"c_complexity_facts.pl","[71]""
203,20800,31200,31,10400,"71,tool,"c_complexity_lattice.pl","[71]""
204,20900,31350,31,10450,"71,tool,"c_syntax_harmonics.pl","[71]""
205,21000,31500,31,10500,"71,tool,"closed_loop_primes.pl","[71]""
206,21100,31650,31,10550,"71,tool,"compcert_monster.pl","[71]""
207,21200,31800,31,10600,"71,tool,"compile_to_music.pl","[71]""
208,21300,31950,31,10650,"71,tool,"compiler_symphony.pl","[71]""
209,21400,32100,32,10700,"71,tool,"complexity_growth_proof.pl","[71]""
210,21500,32250,32,10750,"71,tool,"complexity_lattice_key.pl","[71]""
211,21600,32400,32,10800,"71,tool,"comprehend_lean_core.pl","[71]""
212,21700,32550,32,10850,"71,tool,"consume_parquet_git_prolog.pl","[71]""
213,21800,32700,32,10900,"71,tool,"consume_prolog_variants.pl","[71]""
214,21900,32850,32,10950,"71,tool,"convert_emoji_patterns.pl","[71]""
215,22000,33000,33,11000,"71,tool,"coq_of_rust_integration.pl","[71]""
216,22100,33150,33,11050,"71,tool,"coq_proof_harmonics.pl","[71]""
217,22200,33300,33,11100,"71,tool,"dataset_complexity_binding.pl","[71]""
218,22300,33450,33,11150,"71,tool,"eco_unification.pl","[71]""
219,22400,33600,33,11200,"71,tool,"escher_loop.pl","[71]""
220,22500,33750,33,11250,"71,tool,"eternal_fungus_spore.pl","[71]""
221,22600,33900,33,11300,"71,tool,"eternal_proof_loop.pl","[71]""
222,22700,34050,34,11350,"71,tool,"example_queries.pl","[71]""
223,22800,34200,34,11400,"71,tool,"expert_system_models.pl","[71]""
224,22900,34350,34,11450,"71,tool,"extract_file.pl","[71]""
225,23000,34500,34,11500,"71,tool,"extract_keywords_find_similar.pl","[71]""
226,23100,34650,34,11550,"71,tool,"extract_noweb.pl","[71]""
227,23200,34800,34,11600,"71,tool,"fail2llm.pl","[71]""
228,23300,34950,34,11650,"71,tool,"fifth_generation.pl","[71]""
229,23400,35100,35,11700,"71,tool,"find2pipelight.pl","[71]""
230,23500,35250,35,11750,"71,tool,"find_ocaml_kernel.pl","[71]""
231,23600,35400,35,11800,"71,tool,"find_producer.pl","[71]""
232,23700,35550,35,11850,"71,tool,"find_similar_plan_merge.pl","[71]""
233,23800,35700,35,11900,"71,tool,"flag_lattice.pl","[71]""
234,23900,35850,35,11950,"71,tool,"full_spectrum_press.pl","[71]""
235,24000,36000,36,12000,"71,tool,"galois_tower.pl","[71]""
236,24100,36150,36,12050,"71,tool,"galois_tower_unification.pl","[71]""
237,24200,36300,36,12100,"71,tool,"generate_audio.pl","[71]""
238,24300,36450,36,12150,"71,tool,"generate_hf_datasets.pl","[71]""
239,24400,36600,36,12200,"71,tool,"generate_latex_report.pl","[71]""
240,24500,36750,36,12250,"71,tool,"generate_lilypond.pl","[71]""
241,24600,36900,36,12300,"71,tool,"generate_literate_report.pl","[71]""
242,24700,37050,37,12350,"71,tool,"generate_minizinc.pl","[71]""
243,24800,37200,37,12400,"71,tool,"generate_score.pl","[71]""
244,24900,37350,37,12450,"71,tool,"generate_v3_literate.pl","[71]""
245,25000,37500,37,12500,"71,tool,"godel_programs.pl","[71]""
246,25100,37650,37,12550,"71,tool,"godel_visit.pl","[71]""
247,25200,37800,37,12600,"71,tool,"godel_wrapped.pl","[71]""
248,25300,37950,37,12650,"71,tool,"grand_unification.pl","[71]""
249,25400,38100,38,12700,"71,tool,"harmonic_complexity.pl","[71]""
250,25500,38250,38,12750,"71,tool,"hecke_pipeline.pl","[71]""
251,25600,38400,38,12800,"71,tool,"homomorphic_shards.pl","[71]""
252,25700,38550,38,12850,"71,tool,"horizontal_meme_transfer.pl","[71]""
253,25800,38700,38,12900,"71,tool,"infer_rust_producers.pl","[71]""
254,25900,38850,38,12950,"71,tool,"ingest_lean_json.pl","[71]""
255,26000,39000,39,13000,"71,tool,"ingest_mes.pl","[71]""
256,26100,39150,39,13050,"71,tool,"ingest_ocaml_perf.pl","[71]""
257,26200,39300,39,13100,"71,tool,"ingest_parquets_reasoning.pl","[71]""
258,26300,39450,39,13150,"71,tool,"label_compcert_files.pl","[71]""
259,26400,39600,39,13200,"71,tool,"label_source_with_traces.pl","[71]""
260,26500,39750,39,13250,"71,tool,"lift_ocaml_to_rust.pl","[71]""
261,26600,39900,39,13300,"71,tool,"lift_to_71_shards.pl","[71]""
262,26700,40050,40,13350,"71,tool,"lift_to_metacoq.pl","[71]""
263,26800,40200,40,13400,"71,tool,"lists_of_lists_meta.pl","[71]""
264,26900,40350,40,13450,"71,tool,"llm_activation_lattice.pl","[71]""
265,27000,40500,40,13500,"71,tool,"lmfdb_monster_model.pl","[71]""
266,27100,40650,40,13550,"71,tool,"map_code_to_monster_lattice.pl","[71]""
267,27200,40800,40,13600,"71,tool,"map_gcc_tree.pl","[71]""
268,27300,40950,40,13650,"71,tool,"maxwells_equations_software.pl","[71]""
269,27400,41100,41,13700,"71,tool,"mes_formalization.pl","[71]""
270,27500,41250,41,13750,"71,tool,"mes_in_prolog.pl","[71]""
271,27600,41400,41,13800,"71,tool,"meta_expert_system.pl","[71]""
272,27700,41550,41,13850,"71,tool,"meta_prolog_universal_lift.pl","[71]""
273,27800,41700,41,13900,"71,tool,"monitor_build_perf_ingest.pl","[71]""
274,27900,41850,41,13950,"71,tool,"monster_complexity_proof.pl","[71]""
275,28000,42000,42,14000,"71,tool,"monster_lattice_features.pl","[71]""
276,28100,42150,42,14050,"71,tool,"monster_port.pl","[71]""
277,28200,42300,42,14100,"71,tool,"multichain_anon_sampler.pl","[71]""
278,28300,42450,42,14150,"71,tool,"muselang.pl","[71]""
279,28400,42600,42,14200,"71,tool,"opcode_matrix.pl","[71]""
280,28500,42750,42,14250,"71,tool,"operation_monster_embedding.pl","[71]""
281,28600,42900,42,14300,"71,tool,"optimize_layout.pl","[71]""
282,28700,43050,43,14350,"71,tool,"oracle_24h.pl","[71]""
283,28800,43200,43,14400,"71,tool,"oracle_find_parquet_reader.pl","[71]""
284,28900,43350,43,14450,"71,tool,"oracle_find_syn_parser.pl","[71]""
285,29000,43500,43,14500,"71,tool,"oracle_git_history_mcts.pl","[71]""
286,29100,43650,43,14550,"71,tool,"oracle_load_real_data.pl","[71]""
287,29200,43800,43,14600,"71,tool,"oracle_map_filesystem.pl","[71]""
288,29300,43950,43,14650,"71,tool,"oracle_parquet_scanner.pl","[71]""
289,29400,44100,44,14700,"71,tool,"oracle_prove_lattice_real.pl","[71]""
290,29500,44250,44,14750,"71,tool,"oracle_substrace_syn_finder.pl","[71]""
291,29600,44400,44,14800,"71,tool,"parquet_expert.pl","[71]""
292,29700,44550,44,14850,"71,tool,"parquet_lists.pl","[71]""
293,29800,44700,44,14900,"71,tool,"parquet_macros.pl","[71]""
294,29900,44850,44,14950,"71,tool,"perf_data.pl","[71]""
295,30000,45000,45,15000,"71,tool,"perf_novelty_proof.pl","[71]""
296,30100,45150,45,15050,"71,tool,"phase2_self_regenerate.pl","[71]""
297,30200,45300,45,15100,"71,tool,"prime71_universe.pl","[71]""
298,30300,45450,45,15150,"71,tool,"prime_23_elf_tools.pl","[71]""
299,30400,45600,45,15200,"71,tool,"prime_abi_adapter.pl","[71]""
300,30500,45750,45,15250,"71,tool,"prime_harmonics.pl","[71]""
301,30600,45900,45,15300,"71,tool,"project_expert.pl","[71]""
302,30700,46050,46,15350,"71,tool,"prolog_fork_queue.pl","[71]""
303,30800,46200,46,15400,"71,tool,"prolog_orbits_self_label.pl","[71]""
304,30900,46350,46,15450,"71,tool,"prolog_rustc_bridge.pl","[71]""
305,31000,46500,46,15500,"71,tool,"prolog_to_rust.pl","[71]""
306,31100,46650,46,15550,"71,tool,"prolog_unification_plan.pl","[71]""
307,31200,46800,46,15600,"71,tool,"prove_congruence.pl","[71]""
308,31300,46950,46,15650,"71,tool,"prove_elf_complexity_23.pl","[71]""
309,31400,47100,47,15700,"71,tool,"prove_lattice_complexity.pl","[71]""
310,31500,47250,47,15750,"71,tool,"pump_token_tracker.pl","[71]""
311,31600,47400,47,15800,"71,tool,"real_measurements.pl","[71]""
312,31700,47550,47,15850,"71,tool,"reason_lists_of_lists.pl","[71]""
313,31800,47700,47,15900,"71,tool,"reconstruct_compcert.pl","[71]""
314,31900,47850,47,15950,"71,tool,"register_analysis.pl","[71]""
315,32000,48000,48,16000,"71,tool,"register_instruction_profiler.pl","[71]""
316,32100,48150,48,16050,"71,tool,"safe_oracle_injection.pl","[71]""
317,32200,48300,48,16100,"71,tool,"scheme_c_convergence.pl","[71]""
318,32300,48450,48,16150,"71,tool,"search_fuzzing_code.pl","[71]""
319,32400,48600,48,16200,"71,tool,"self_aware_prolog.pl","[71]""
320,32500,48750,48,16250,"71,tool,"self_eigenvector.pl","[71]""
321,32600,48900,48,16300,"71,tool,"self_hosting_prolog_tower.pl","[71]""
322,32700,49050,49,16350,"71,tool,"self_introspect_homotopy.pl","[71]""
323,32800,49200,49,16400,"71,tool,"self_reading_prolog.pl","[71]""
324,32900,49350,49,16450,"71,tool,"self_replicating_seed.pl","[71]""
325,33000,49500,49,16500,"71,tool,"self_tracing_fixed_point.pl","[71]""
326,33100,49650,49,16550,"71,tool,"self_translate_prove.pl","[71]""
327,33200,49800,49,16600,"71,tool,"shard_into_71.pl","[71]""
328,33300,49950,49,16650,"71,tool,"solana_predictor.pl","[71]""
329,33400,50100,50,16700,"71,tool,"solana_v10.pl","[71]""
330,33500,50250,50,16750,"71,tool,"solana_v12.pl","[71]""
331,33600,50400,50,16800,"71,tool,"solana_v13.pl","[71]""
332,33700,50550,50,16850,"71,tool,"solana_v14.pl","[71]""
333,33800,50700,50,16900,"71,tool,"solana_v15.pl","[71]""
334,33900,50850,50,16950,"71,tool,"solana_v16.pl","[71]""
335,34000,51000,51,17000,"71,tool,"solana_v19.pl","[71]""
336,34100,51150,51,17050,"71,tool,"solana_v2.pl","[71]""
337,34200,51300,51,17100,"71,tool,"solana_v21.pl","[71]""
338,34300,51450,51,17150,"71,tool,"solana_v22.pl","[71]""
339,34400,51600,51,17200,"71,tool,"solana_v23.pl","[71]""
340,34500,51750,51,17250,"71,tool,"solana_v25.pl","[71]""
341,34600,51900,51,17300,"71,tool,"solana_v27.pl","[71]""
342,34700,52050,52,17350,"71,tool,"solana_v28.pl","[71]""
343,34800,52200,52,17400,"71,tool,"solana_v29.pl","[71]""
344,34900,52350,52,17450,"71,tool,"solana_v3.pl","[71]""
345,35000,52500,52,17500,"71,tool,"solana_v30.pl","[71]""
346,35100,52650,52,17550,"71,tool,"solana_v31.pl","[71]""
347,35200,52800,52,17600,"71,tool,"solana_v32.pl","[71]""
348,35300,52950,52,17650,"71,tool,"solana_v34.pl","[71]""
349,35400,53100,53,17700,"71,tool,"solana_v35.pl","[71]""
350,35500,53250,53,17750,"71,tool,"solana_v36.pl","[71]""
351,35600,53400,53,17800,"71,tool,"solana_v4.pl","[71]""
352,35700,53550,53,17850,"71,tool,"solana_v5.pl","[71]""
353,35800,53700,53,17900,"71,tool,"solana_v6.pl","[71]""
354,35900,53850,53,17950,"71,tool,"solana_v7.pl","[71]""
355,36000,54000,54,18000,"71,tool,"solana_v8.pl","[71]""
356,36100,54150,54,18050,"71,tool,"solana_v9.pl","[71]""
357,36200,54300,54,18100,"71,tool,"strange_loop.pl","[71]""
358,36300,54450,54,18150,"71,tool,"syntax_lattice.pl","[71]""
359,36400,54600,54,18200,"71,tool,"test_all_primes.pl","[71]""
360,36500,54750,54,18250,"71,tool,"test_compiler_equivalence.pl","[71]""
361,36600,54900,54,18300,"71,tool,"test_variations.pl","[71]""
362,36700,55050,55,18350,"71,tool,"thermodynamic_proof.pl","[71]""
363,36800,55200,55,18400,"71,tool,"trisimulation.pl","[71]""
364,36900,55350,55,18450,"71,tool,"universal_compiler.pl","[71]""
365,37000,55500,55,18500,"71,tool,"universal_convergence.pl","[71]""
366,37100,55650,55,18550,"71,tool,"universal_coq_consumer.pl","[71]""
367,37200,55800,55,18600,"71,tool,"universal_godel_lattice.pl","[71]""
368,37300,55950,55,18650,"71,tool,"universal_port.pl","[71]""
369,37400,56100,56,18700,"71,tool,"universal_syntax_inference.pl","[71]""
370,37500,56250,56,18750,"71,tool,"update_metacoq_repos.pl","[71]""
371,37600,56400,56,18800,"71,tool,"visualize_harmonics.pl","[71]""
372,37700,56550,56,18850,"71,tool,"ziggurat_tower.pl","[71]""
373,37800,56700,56,18900,"71,tool,"zk_witness_system.pl","[71]""
374,37900,56850,56,18950,"71,tool,"zkml_seed.pl","[71]""
375,38000,57000,57,19000,"71,tool,"zkprologml.pl","[71]""
376,38100,57150,57,19050,"71,tool,"zkprologml_fork.pl","[71]""
377,38200,57300,57,19100,"71,tool,"zkprologml_metacoq_equiv.pl","[71]""
378,38300,57450,57,19150,"95,file,"generated/audio_features.csv","[5,19]""
379,38400,57600,57,19200,"95,file,"generated/closed_loop_heat.csv","[5,19]""
380,38500,57750,57,19250,"95,file,"generated/godel_lattice.csv","[5,19]""
381,38600,57900,57,19300,"95,file,"generated/prime_harmonics.csv","[5,19]""
382,38700,58050,58,19350,"95,file,"generated/shard_manifest.csv","[5,19]""
383,38800,58200,58,19400,"95,file,"generated/tool_index.csv","[5,19]""
384,38900,58350,58,19450,"589,parquet,"generated/audio_features.parquet","[19,31]""
