godel,entity_type,entity_path,primes,zk_url
2,file,"generated/emoji_patterns.rs","[2]",https://github.com/Escaped-RDFa/namespace?row=1&file=generated/godel_lattice.parquet&freq=493.88&proof=3e
2,file,"generated/mes_verified.rs","[2]",https://github.com/Escaped-RDFa/namespace?row=2&file=generated/godel_lattice.parquet&freq=440.00&proof=5d
2,file,"generated/prolog_fast.rs","[2]",https://github.com/Escaped-RDFa/namespace?row=3&file=generated/godel_lattice.parquet&freq=523.25&proof=7c
2,file,"generated/prolog_interp.rs","[2]",https://github.com/Escaped-RDFa/namespace?row=4&file=generated/godel_lattice.parquet&freq=440.00&proof=9b
2,file,"generated/prolog_to_rust.rs","[2]",https://github.com/Escaped-RDFa/namespace?row=5&file=generated/godel_lattice.parquet&freq=587.33&proof=ba
2,file,"generated/regenerated_prime.rs","[2]",https://github.com/Escaped-RDFa/namespace?row=6&file=generated/godel_lattice.parquet&freq=440.00&proof=d9
2,file,"generated/rust_primes.rs","[2]",https://github.com/Escaped-RDFa/namespace?row=7&file=generated/godel_lattice.parquet&freq=440.00&proof=f8
2,file,"generated/rust_verified.rs","[2]",https://github.com/Escaped-RDFa/namespace?row=8&file=generated/godel_lattice.parquet&freq=440.00&proof=117
2,tool,"audio_analyzer.rs","[2]",https://github.com/Escaped-RDFa/namespace?row=9&file=generated/godel_lattice.parquet&freq=659.25&proof=136
2,tool,"elf_complexity_23.rs","[2]",https://github.com/Escaped-RDFa/namespace?row=10&file=generated/godel_lattice.parquet&freq=440.00&proof=155
2,tool,"extract_noweb.rs","[2]",https://github.com/Escaped-RDFa/namespace?row=11&file=generated/godel_lattice.parquet&freq=698.46&proof=174
2,tool,"generate_clean_datasets.rs","[2]",https://github.com/Escaped-RDFa/namespace?row=12&file=generated/godel_lattice.parquet&freq=440.00&proof=193
3,file,"generated/MINING_INSTRUCTIONS.md","[3]",https://github.com/Escaped-RDFa/namespace?row=13&file=generated/godel_lattice.parquet&freq=440.00&proof=1b2
3,file,"generated/c_scheme_unification.v","[3]",https://github.com/Escaped-RDFa/namespace?row=14&file=generated/godel_lattice.parquet&freq=440.00&proof=1d1
3,file,"generated/compiler_symphony.ly","[3]",https://github.com/Escaped-RDFa/namespace?row=15&file=generated/godel_lattice.parquet&freq=783.99&proof=1f0
3,file,"generated/convergence.v","[3]",https://github.com/Escaped-RDFa/namespace?row=16&file=generated/godel_lattice.parquet&freq=440.00&proof=20f
3,file,"generated/coq_extracted.cmi","[3]",https://github.com/Escaped-RDFa/namespace?row=17&file=generated/godel_lattice.parquet&freq=880.00&proof=22e
3,file,"generated/coq_extracted.cmx","[3]",https://github.com/Escaped-RDFa/namespace?row=18&file=generated/godel_lattice.parquet&freq=440.00&proof=24d
3,file,"generated/coq_extracted.ml","[3]",https://github.com/Escaped-RDFa/namespace?row=19&file=generated/godel_lattice.parquet&freq=440.00&proof=26c
3,file,"generated/coq_extracted.o","[3]",https://github.com/Escaped-RDFa/namespace?row=20&file=generated/godel_lattice.parquet&freq=440.00&proof=28b
3,file,"generated/factorial.c","[3]",https://github.com/Escaped-RDFa/namespace?row=21&file=generated/godel_lattice.parquet&freq=987.77&proof=2aa
3,file,"generated/factorial_gcc","[3]",https://github.com/Escaped-RDFa/namespace?row=22&file=generated/godel_lattice.parquet&freq=440.00&proof=2c9
3,file,"generated/factorial_gcc.objdump","[3]",https://github.com/Escaped-RDFa/namespace?row=23&file=generated/godel_lattice.parquet&freq=440.00&proof=2e8
3,file,"generated/factorial_gcc.s","[3]",https://github.com/Escaped-RDFa/namespace?row=24&file=generated/godel_lattice.parquet&freq=440.00&proof=307
3,file,"generated/flag_2_2","[3]",https://github.com/Escaped-RDFa/namespace?row=25&file=generated/godel_lattice.parquet&freq=440.00&proof=326
3,file,"generated/flag_2_3","[3]",https://github.com/Escaped-RDFa/namespace?row=26&file=generated/godel_lattice.parquet&freq=440.00&proof=345
3,file,"generated/flag_2_5","[3]",https://github.com/Escaped-RDFa/namespace?row=27&file=generated/godel_lattice.parquet&freq=1046.50&proof=364
3,file,"generated/flag_2_7","[3]",https://github.com/Escaped-RDFa/namespace?row=28&file=generated/godel_lattice.parquet&freq=440.00&proof=383
3,file,"generated/flag_30_2","[3]",https://github.com/Escaped-RDFa/namespace?row=29&file=generated/godel_lattice.parquet&freq=1174.66&proof=3a2
3,file,"generated/flag_30_3","[3]",https://github.com/Escaped-RDFa/namespace?row=30&file=generated/godel_lattice.parquet&freq=440.00&proof=3c1
3,file,"generated/flag_30_5","[3]",https://github.com/Escaped-RDFa/namespace?row=31&file=generated/godel_lattice.parquet&freq=440.00&proof=3e0
3,file,"generated/flag_30_7","[3]",https://github.com/Escaped-RDFa/namespace?row=32&file=generated/godel_lattice.parquet&freq=440.00&proof=3ff
3,file,"generated/flag_6_2","[3]",https://github.com/Escaped-RDFa/namespace?row=33&file=generated/godel_lattice.parquet&freq=440.00&proof=41e
3,file,"generated/flag_6_3","[3]",https://github.com/Escaped-RDFa/namespace?row=34&file=generated/godel_lattice.parquet&freq=440.00&proof=43d
3,file,"generated/flag_6_5","[3]",https://github.com/Escaped-RDFa/namespace?row=35&file=generated/godel_lattice.parquet&freq=1318.51&proof=45c
3,file,"generated/flag_6_7","[3]",https://github.com/Escaped-RDFa/namespace?row=36&file=generated/godel_lattice.parquet&freq=440.00&proof=47b
3,file,"generated/godel_10_2","[3]",https://github.com/Escaped-RDFa/namespace?row=37&file=generated/godel_lattice.parquet&freq=440.00&proof=49a
3,file,"generated/godel_10_2.c","[3]",https://github.com/Escaped-RDFa/namespace?row=38&file=generated/godel_lattice.parquet&freq=440.00&proof=4b9
3,file,"generated/godel_10_5","[3]",https://github.com/Escaped-RDFa/namespace?row=39&file=generated/godel_lattice.parquet&freq=1396.91&proof=4d8
3,file,"generated/godel_10_5.c","[3]",https://github.com/Escaped-RDFa/namespace?row=40&file=generated/godel_lattice.parquet&freq=440.00&proof=4f7
3,file,"generated/godel_210_2","[3]",https://github.com/Escaped-RDFa/namespace?row=41&file=generated/godel_lattice.parquet&freq=1567.98&proof=516
3,file,"generated/godel_210_2.c","[3]",https://github.com/Escaped-RDFa/namespace?row=42&file=generated/godel_lattice.parquet&freq=440.00&proof=535
3,file,"generated/godel_210_3","[3]",https://github.com/Escaped-RDFa/namespace?row=43&file=generated/godel_lattice.parquet&freq=440.00&proof=554
3,file,"generated/godel_210_3.c","[3]",https://github.com/Escaped-RDFa/namespace?row=44&file=generated/godel_lattice.parquet&freq=440.00&proof=573
3,file,"generated/godel_210_5","[3]",https://github.com/Escaped-RDFa/namespace?row=45&file=generated/godel_lattice.parquet&freq=1760.00&proof=592
3,file,"generated/godel_210_5.c","[3]",https://github.com/Escaped-RDFa/namespace?row=46&file=generated/godel_lattice.parquet&freq=440.00&proof=5b1
3,file,"generated/godel_210_7","[3]",https://github.com/Escaped-RDFa/namespace?row=47&file=generated/godel_lattice.parquet&freq=440.00&proof=5d0
3,file,"generated/godel_210_7.c","[3]",https://github.com/Escaped-RDFa/namespace?row=48&file=generated/godel_lattice.parquet&freq=440.00&proof=5ef
3,file,"generated/godel_2_2","[3]",https://github.com/Escaped-RDFa/namespace?row=49&file=generated/godel_lattice.parquet&freq=440.00&proof=60e
3,file,"generated/godel_2_2.c","[3]",https://github.com/Escaped-RDFa/namespace?row=50&file=generated/godel_lattice.parquet&freq=440.00&proof=62d
3,file,"generated/godel_2_2_optimized","[3]",https://github.com/Escaped-RDFa/namespace?row=51&file=generated/godel_lattice.parquet&freq=1975.53&proof=64c
3,file,"generated/godel_30_2","[3]",https://github.com/Escaped-RDFa/namespace?row=52&file=generated/godel_lattice.parquet&freq=440.00&proof=66b
3,file,"generated/godel_30_2.c","[3]",https://github.com/Escaped-RDFa/namespace?row=53&file=generated/godel_lattice.parquet&freq=440.00&proof=68a
3,file,"generated/godel_30_3","[3]",https://github.com/Escaped-RDFa/namespace?row=54&file=generated/godel_lattice.parquet&freq=440.00&proof=6a9
3,file,"generated/godel_30_3.c","[3]",https://github.com/Escaped-RDFa/namespace?row=55&file=generated/godel_lattice.parquet&freq=440.00&proof=6c8
3,file,"generated/godel_30_5","[3]",https://github.com/Escaped-RDFa/namespace?row=56&file=generated/godel_lattice.parquet&freq=440.00&proof=6e7
3,file,"generated/godel_30_5.c","[3]",https://github.com/Escaped-RDFa/namespace?row=57&file=generated/godel_lattice.parquet&freq=2093.00&proof=706
3,file,"generated/godel_30_5_optimized","[3]",https://github.com/Escaped-RDFa/namespace?row=58&file=generated/godel_lattice.parquet&freq=440.00&proof=725
3,file,"generated/godel_6_2","[3]",https://github.com/Escaped-RDFa/namespace?row=59&file=generated/godel_lattice.parquet&freq=2349.32&proof=744
3,file,"generated/godel_6_2.c","[3]",https://github.com/Escaped-RDFa/namespace?row=60&file=generated/godel_lattice.parquet&freq=440.00&proof=763
3,file,"generated/godel_6_3","[3]",https://github.com/Escaped-RDFa/namespace?row=61&file=generated/godel_lattice.parquet&freq=440.00&proof=782
3,file,"generated/godel_6_3.c","[3]",https://github.com/Escaped-RDFa/namespace?row=62&file=generated/godel_lattice.parquet&freq=440.00&proof=7a1
3,file,"generated/godel_6_3_optimized","[3]",https://github.com/Escaped-RDFa/namespace?row=63&file=generated/godel_lattice.parquet&freq=440.00&proof=7c0
3,file,"generated/llm_activation.log","[3]",https://github.com/Escaped-RDFa/namespace?row=64&file=generated/godel_lattice.parquet&freq=440.00&proof=7df
3,file,"generated/maxwells_equations.scm","[3]",https://github.com/Escaped-RDFa/namespace?row=65&file=generated/godel_lattice.parquet&freq=2637.02&proof=7fe
3,file,"generated/maxwells_equations.v","[3]",https://github.com/Escaped-RDFa/namespace?row=66&file=generated/godel_lattice.parquet&freq=440.00&proof=81d
3,file,"generated/maxwells_equations_mes.scm","[3]",https://github.com/Escaped-RDFa/namespace?row=67&file=generated/godel_lattice.parquet&freq=440.00&proof=83c
3,file,"generated/mes_metacoq.v","[3]",https://github.com/Escaped-RDFa/namespace?row=68&file=generated/godel_lattice.parquet&freq=440.00&proof=85b
3,file,"generated/monster_lattice_report.log","[3]",https://github.com/Escaped-RDFa/namespace?row=69&file=generated/godel_lattice.parquet&freq=2793.83&proof=87a
3,file,"generated/monster_lattice_report.tex","[3]",https://github.com/Escaped-RDFa/namespace?row=70&file=generated/godel_lattice.parquet&freq=440.00&proof=899
3,file,"generated/monster_literate.nw","[3]",https://github.com/Escaped-RDFa/namespace?row=71&file=generated/godel_lattice.parquet&freq=440.00&proof=8b8
3,file,"generated/muselang.ll","[3]",https://github.com/Escaped-RDFa/namespace?row=72&file=generated/godel_lattice.parquet&freq=493.88&proof=8d7
3,file,"generated/musical_score.txt","[3]",https://github.com/Escaped-RDFa/namespace?row=73&file=generated/godel_lattice.parquet&freq=440.00&proof=8f6
3,file,"generated/ocaml_primes","[3]",https://github.com/Escaped-RDFa/namespace?row=74&file=generated/godel_lattice.parquet&freq=523.25&proof=915
3,file,"generated/ocaml_to_coq.v","[3]",https://github.com/Escaped-RDFa/namespace?row=75&file=generated/godel_lattice.parquet&freq=440.00&proof=934
3,file,"generated/optimized_order.txt","[3]",https://github.com/Escaped-RDFa/namespace?row=76&file=generated/godel_lattice.parquet&freq=587.33&proof=953
3,file,"generated/perf_10_2.data","[3]",https://github.com/Escaped-RDFa/namespace?row=77&file=generated/godel_lattice.parquet&freq=440.00&proof=972
3,file,"generated/perf_10_5.data","[3]",https://github.com/Escaped-RDFa/namespace?row=78&file=generated/godel_lattice.parquet&freq=440.00&proof=991
3,file,"generated/perf_210_2.data","[3]",https://github.com/Escaped-RDFa/namespace?row=79&file=generated/godel_lattice.parquet&freq=440.00&proof=9b0
3,file,"generated/perf_210_3.data","[3]",https://github.com/Escaped-RDFa/namespace?row=80&file=generated/godel_lattice.parquet&freq=659.25&proof=9cf
3,file,"generated/perf_210_5.data","[3]",https://github.com/Escaped-RDFa/namespace?row=81&file=generated/godel_lattice.parquet&freq=440.00&proof=9ee
3,file,"generated/perf_210_7.data","[3]",https://github.com/Escaped-RDFa/namespace?row=82&file=generated/godel_lattice.parquet&freq=698.46&proof=a0d
3,file,"generated/perf_2_2.data","[3]",https://github.com/Escaped-RDFa/namespace?row=83&file=generated/godel_lattice.parquet&freq=440.00&proof=a2c
3,file,"generated/perf_30_2.data","[3]",https://github.com/Escaped-RDFa/namespace?row=84&file=generated/godel_lattice.parquet&freq=440.00&proof=a4b
3,file,"generated/perf_30_3.data","[3]",https://github.com/Escaped-RDFa/namespace?row=85&file=generated/godel_lattice.parquet&freq=440.00&proof=a6a
3,file,"generated/perf_30_5.data","[3]",https://github.com/Escaped-RDFa/namespace?row=86&file=generated/godel_lattice.parquet&freq=783.99&proof=a89
3,file,"generated/perf_6_2.data","[3]",https://github.com/Escaped-RDFa/namespace?row=87&file=generated/godel_lattice.parquet&freq=440.00&proof=aa8
3,file,"generated/perf_6_3.data","[3]",https://github.com/Escaped-RDFa/namespace?row=88&file=generated/godel_lattice.parquet&freq=880.00&proof=ac7
3,file,"generated/perf_clang.data","[3]",https://github.com/Escaped-RDFa/namespace?row=89&file=generated/godel_lattice.parquet&freq=440.00&proof=ae6
3,file,"generated/perf_clang.data.old","[3]",https://github.com/Escaped-RDFa/namespace?row=90&file=generated/godel_lattice.parquet&freq=440.00&proof=b05
3,file,"generated/perf_closed_loop.data","[3]",https://github.com/Escaped-RDFa/namespace?row=91&file=generated/godel_lattice.parquet&freq=440.00&proof=b24
3,file,"generated/perf_closed_loop.data.old","[3]",https://github.com/Escaped-RDFa/namespace?row=92&file=generated/godel_lattice.parquet&freq=987.77&proof=b43
3,file,"generated/perf_coq_extracted.txt","[3]",https://github.com/Escaped-RDFa/namespace?row=93&file=generated/godel_lattice.parquet&freq=440.00&proof=b62
3,file,"generated/perf_gcc.data","[3]",https://github.com/Escaped-RDFa/namespace?row=94&file=generated/godel_lattice.parquet&freq=440.00&proof=b81
3,file,"generated/perf_gcc.data.old","[3]",https://github.com/Escaped-RDFa/namespace?row=95&file=generated/godel_lattice.parquet&freq=440.00&proof=ba0
3,file,"generated/perf_llm_activation.data","[3]",https://github.com/Escaped-RDFa/namespace?row=96&file=generated/godel_lattice.parquet&freq=440.00&proof=bbf
3,file,"generated/perf_llm_activation.data.old","[3]",https://github.com/Escaped-RDFa/namespace?row=97&file=generated/godel_lattice.parquet&freq=440.00&proof=bde
3,file,"generated/perf_maxwells_mes.data","[3]",https://github.com/Escaped-RDFa/namespace?row=98&file=generated/godel_lattice.parquet&freq=1046.50&proof=bfd
3,file,"generated/perf_ocaml_primes.data","[3]",https://github.com/Escaped-RDFa/namespace?row=99&file=generated/godel_lattice.parquet&freq=440.00&proof=c1c
3,file,"generated/perf_rust_original.txt","[3]",https://github.com/Escaped-RDFa/namespace?row=100&file=generated/godel_lattice.parquet&freq=1174.66&proof=c3b
3,file,"generated/perf_rust_primes_bin.data","[3]",https://github.com/Escaped-RDFa/namespace?row=101&file=generated/godel_lattice.parquet&freq=440.00&proof=c5a
3,file,"generated/perf_rust_verified.data","[3]",https://github.com/Escaped-RDFa/namespace?row=102&file=generated/godel_lattice.parquet&freq=440.00&proof=c79
3,file,"generated/perf_rust_verified.txt","[3]",https://github.com/Escaped-RDFa/namespace?row=103&file=generated/godel_lattice.parquet&freq=440.00&proof=c98
3,file,"generated/perf_tcc.data","[3]",https://github.com/Escaped-RDFa/namespace?row=104&file=generated/godel_lattice.parquet&freq=440.00&proof=cb7
3,file,"generated/perf_tcc.data.old","[3]",https://github.com/Escaped-RDFa/namespace?row=105&file=generated/godel_lattice.parquet&freq=440.00&proof=cd6
3,file,"generated/prime_harmony.wav","[3]",https://github.com/Escaped-RDFa/namespace?row=106&file=generated/godel_lattice.parquet&freq=1318.51&proof=cf5
3,file,"generated/prolog_demo.html","[3]",https://github.com/Escaped-RDFa/namespace?row=107&file=generated/godel_lattice.parquet&freq=440.00&proof=d14
3,file,"generated/prolog_interp.v","[3]",https://github.com/Escaped-RDFa/namespace?row=108&file=generated/godel_lattice.parquet&freq=440.00&proof=d33
3,file,"generated/prolog_interp_metacoq.v","[3]",https://github.com/Escaped-RDFa/namespace?row=109&file=generated/godel_lattice.parquet&freq=440.00&proof=d52
3,file,"generated/prolog_symphony.ly","[3]",https://github.com/Escaped-RDFa/namespace?row=110&file=generated/godel_lattice.parquet&freq=1396.91&proof=d71
3,file,"generated/prolog_symphony.midi","[3]",https://github.com/Escaped-RDFa/namespace?row=111&file=generated/godel_lattice.parquet&freq=440.00&proof=d90
3,file,"generated/prolog_symphony.pdf","[3]",https://github.com/Escaped-RDFa/namespace?row=112&file=generated/godel_lattice.parquet&freq=1567.98&proof=daf
3,file,"generated/prolog_symphony.wav","[3]",https://github.com/Escaped-RDFa/namespace?row=113&file=generated/godel_lattice.parquet&freq=440.00&proof=dce
3,file,"generated/regenerated_prime.c","[3]",https://github.com/Escaped-RDFa/namespace?row=114&file=generated/godel_lattice.parquet&freq=440.00&proof=ded
3,file,"generated/regenerated_prime.ml","[3]",https://github.com/Escaped-RDFa/namespace?row=115&file=generated/godel_lattice.parquet&freq=440.00&proof=e0c
3,file,"generated/regenerated_prime.v","[3]",https://github.com/Escaped-RDFa/namespace?row=116&file=generated/godel_lattice.parquet&freq=1760.00&proof=e2b
3,file,"generated/rust_primes_bin","[3]",https://github.com/Escaped-RDFa/namespace?row=117&file=generated/godel_lattice.parquet&freq=440.00&proof=e4a
3,file,"generated/rust_to_coq.v","[3]",https://github.com/Escaped-RDFa/namespace?row=118&file=generated/godel_lattice.parquet&freq=440.00&proof=e69
3,file,"generated/rust_to_coq.v.extract","[3]",https://github.com/Escaped-RDFa/namespace?row=119&file=generated/godel_lattice.parquet&freq=440.00&proof=e88
3,file,"generated/rust_verified","[3]",https://github.com/Escaped-RDFa/namespace?row=120&file=generated/godel_lattice.parquet&freq=440.00&proof=ea7
3,file,"generated/scheme_dependent_type.v","[3]",https://github.com/Escaped-RDFa/namespace?row=121&file=generated/godel_lattice.parquet&freq=440.00&proof=ec6
3,file,"generated/symphony_layout.mzn","[3]",https://github.com/Escaped-RDFa/namespace?row=122&file=generated/godel_lattice.parquet&freq=1975.53&proof=ee5
3,file,"generated/syntax_lattice.v","[3]",https://github.com/Escaped-RDFa/namespace?row=123&file=generated/godel_lattice.parquet&freq=440.00&proof=f04
3,file,"generated/test_3_1_profiled","[3]",https://github.com/Escaped-RDFa/namespace?row=124&file=generated/godel_lattice.parquet&freq=440.00&proof=f23
3,file,"generated/test_3_1_profiled_profile.perf.data","[3]",https://github.com/Escaped-RDFa/namespace?row=125&file=generated/godel_lattice.parquet&freq=440.00&proof=f42
3,file,"generated/test_3_1_profiled_profile.perf.data.old","[3]",https://github.com/Escaped-RDFa/namespace?row=126&file=generated/godel_lattice.parquet&freq=440.00&proof=f61
3,file,"generated/zkprologml_v3.nw","[3]",https://github.com/Escaped-RDFa/namespace?row=127&file=generated/godel_lattice.parquet&freq=440.00&proof=f80
17,file,"generated/71_memes.json","[17]",https://github.com/Escaped-RDFa/namespace?row=128&file=generated/godel_lattice.parquet&freq=2093.00&proof=f9f
17,file,"generated/llm_activations.json","[17]",https://github.com/Escaped-RDFa/namespace?row=129&file=generated/godel_lattice.parquet&freq=440.00&proof=fbe
19,file,"generated/audio_features.parquet","[19]",https://github.com/Escaped-RDFa/namespace?row=130&file=generated/godel_lattice.parquet&freq=2349.32&proof=fdd
23,tool,"24_hour_system.nix","[23]",https://github.com/Escaped-RDFa/namespace?row=131&file=generated/godel_lattice.parquet&freq=440.00&proof=ffc
23,tool,"fifth_generation.nix","[23]",https://github.com/Escaped-RDFa/namespace?row=132&file=generated/godel_lattice.parquet&freq=440.00&proof=101b
23,tool,"trisimulation.nix","[23]",https://github.com/Escaped-RDFa/namespace?row=133&file=generated/godel_lattice.parquet&freq=440.00&proof=103a
23,tool,"zkml_seed.nix","[23]",https://github.com/Escaped-RDFa/namespace?row=134&file=generated/godel_lattice.parquet&freq=440.00&proof=1059
31,tool,"monitor_llm_activation.sh","[31]",https://github.com/Escaped-RDFa/namespace?row=135&file=generated/godel_lattice.parquet&freq=440.00&proof=1078
31,tool,"run_llm_activation_bg.sh","[31]",https://github.com/Escaped-RDFa/namespace?row=136&file=generated/godel_lattice.parquet&freq=2637.02&proof=1097
61,file,"generated/c_scheme_unification.lean","[61]",https://github.com/Escaped-RDFa/namespace?row=137&file=generated/godel_lattice.parquet&freq=440.00&proof=10b6
61,file,"generated/convergence.lean","[61]",https://github.com/Escaped-RDFa/namespace?row=138&file=generated/godel_lattice.parquet&freq=440.00&proof=10d5
61,file,"generated/emoji_patterns.lean","[61]",https://github.com/Escaped-RDFa/namespace?row=139&file=generated/godel_lattice.parquet&freq=440.00&proof=10f4
61,file,"generated/maxwells_equations.lean","[61]",https://github.com/Escaped-RDFa/namespace?row=140&file=generated/godel_lattice.parquet&freq=2793.83&proof=1113
61,file,"generated/opcode_matrix.lean","[61]",https://github.com/Escaped-RDFa/namespace?row=141&file=generated/godel_lattice.parquet&freq=440.00&proof=1132
61,file,"generated/prime_convergence.lean","[61]",https://github.com/Escaped-RDFa/namespace?row=142&file=generated/godel_lattice.parquet&freq=440.00&proof=1151
61,file,"generated/runtime_convergence.lean","[61]",https://github.com/Escaped-RDFa/namespace?row=143&file=generated/godel_lattice.parquet&freq=493.88&proof=1170
61,tool,"71_layers_proof.lean","[61]",https://github.com/Escaped-RDFa/namespace?row=144&file=generated/godel_lattice.parquet&freq=440.00&proof=118f
61,tool,"all_theorems.lean","[61]",https://github.com/Escaped-RDFa/namespace?row=145&file=generated/godel_lattice.parquet&freq=523.25&proof=11ae
61,tool,"athena_lattice.lean","[61]",https://github.com/Escaped-RDFa/namespace?row=146&file=generated/godel_lattice.parquet&freq=440.00&proof=11cd
61,tool,"bott_periodicity_proof.lean","[61]",https://github.com/Escaped-RDFa/namespace?row=147&file=generated/godel_lattice.parquet&freq=587.33&proof=11ec
61,tool,"c_syntax_harmonics.lean","[61]",https://github.com/Escaped-RDFa/namespace?row=148&file=generated/godel_lattice.parquet&freq=440.00&proof=120b
61,tool,"compcert_reconstruction.lean","[61]",https://github.com/Escaped-RDFa/namespace?row=149&file=generated/godel_lattice.parquet&freq=440.00&proof=122a
61,tool,"compiler_equivalence.lean","[61]",https://github.com/Escaped-RDFa/namespace?row=150&file=generated/godel_lattice.parquet&freq=440.00&proof=1249
61,tool,"complete_bott_proof.lean","[61]",https://github.com/Escaped-RDFa/namespace?row=151&file=generated/godel_lattice.parquet&freq=659.25&proof=1268
61,tool,"coq_proof_harmonics.lean","[61]",https://github.com/Escaped-RDFa/namespace?row=152&file=generated/godel_lattice.parquet&freq=440.00&proof=1287
61,tool,"elf_complexity_23.lean","[61]",https://github.com/Escaped-RDFa/namespace?row=153&file=generated/godel_lattice.parquet&freq=698.46&proof=12a6
61,tool,"gcc_tree_mapping.lean","[61]",https://github.com/Escaped-RDFa/namespace?row=154&file=generated/godel_lattice.parquet&freq=440.00&proof=12c5
61,tool,"grand_unification.lean","[61]",https://github.com/Escaped-RDFa/namespace?row=155&file=generated/godel_lattice.parquet&freq=440.00&proof=12e4
61,tool,"honest_proof.lean","[61]",https://github.com/Escaped-RDFa/namespace?row=156&file=generated/godel_lattice.parquet&freq=440.00&proof=1303
61,tool,"knuth_lean4_proofs.lean","[61]",https://github.com/Escaped-RDFa/namespace?row=157&file=generated/godel_lattice.parquet&freq=783.99&proof=1322
61,tool,"langlands_monster.lean","[61]",https://github.com/Escaped-RDFa/namespace?row=158&file=generated/godel_lattice.parquet&freq=440.00&proof=1341
61,tool,"lean_core_comprehension.lean","[61]",https://github.com/Escaped-RDFa/namespace?row=159&file=generated/godel_lattice.parquet&freq=880.00&proof=1360
61,tool,"lean_monster_scores.lean","[61]",https://github.com/Escaped-RDFa/namespace?row=160&file=generated/godel_lattice.parquet&freq=440.00&proof=137f
61,tool,"lifting_tower.lean","[61]",https://github.com/Escaped-RDFa/namespace?row=161&file=generated/godel_lattice.parquet&freq=440.00&proof=139e
61,tool,"lists_of_lists_model.lean","[61]",https://github.com/Escaped-RDFa/namespace?row=162&file=generated/godel_lattice.parquet&freq=440.00&proof=13bd
61,tool,"lists_of_lists_producer_proof.lean","[61]",https://github.com/Escaped-RDFa/namespace?row=163&file=generated/godel_lattice.parquet&freq=987.77&proof=13dc
61,tool,"lmfdb_monster_mathlib.lean","[61]",https://github.com/Escaped-RDFa/namespace?row=164&file=generated/godel_lattice.parquet&freq=440.00&proof=13fb
61,tool,"lmfdb_monster_proof.lean","[61]",https://github.com/Escaped-RDFa/namespace?row=165&file=generated/godel_lattice.parquet&freq=440.00&proof=141a
61,tool,"mes_equivalence.lean","[61]",https://github.com/Escaped-RDFa/namespace?row=166&file=generated/godel_lattice.parquet&freq=440.00&proof=1439
61,tool,"metacoq_extraction.lean","[61]",https://github.com/Escaped-RDFa/namespace?row=167&file=generated/godel_lattice.parquet&freq=440.00&proof=1458
61,tool,"monster_complexity_proof.lean","[61]",https://github.com/Escaped-RDFa/namespace?row=168&file=generated/godel_lattice.parquet&freq=440.00&proof=1477
61,tool,"monster_genus_zero_induction.lean","[61]",https://github.com/Escaped-RDFa/namespace?row=169&file=generated/godel_lattice.parquet&freq=1046.50&proof=1496
61,tool,"nine_muses.lean","[61]",https://github.com/Escaped-RDFa/namespace?row=170&file=generated/godel_lattice.parquet&freq=440.00&proof=14b5
61,tool,"perf_trace_monotonic.lean","[61]",https://github.com/Escaped-RDFa/namespace?row=171&file=generated/godel_lattice.parquet&freq=1174.66&proof=14d4
61,tool,"prolog_in_lean4.lean","[61]",https://github.com/Escaped-RDFa/namespace?row=172&file=generated/godel_lattice.parquet&freq=440.00&proof=14f3
61,tool,"scheme_c_convergence.lean","[61]",https://github.com/Escaped-RDFa/namespace?row=173&file=generated/godel_lattice.parquet&freq=440.00&proof=1512
61,tool,"search_proof.lean","[61]",https://github.com/Escaped-RDFa/namespace?row=174&file=generated/godel_lattice.parquet&freq=440.00&proof=1531
61,tool,"system_lmfdb_isomorphism.lean","[61]",https://github.com/Escaped-RDFa/namespace?row=175&file=generated/godel_lattice.parquet&freq=440.00&proof=1550
61,tool,"theorem_21.lean","[61]",https://github.com/Escaped-RDFa/namespace?row=176&file=generated/godel_lattice.parquet&freq=440.00&proof=156f
61,tool,"theorem_42.lean","[61]",https://github.com/Escaped-RDFa/namespace?row=177&file=generated/godel_lattice.parquet&freq=1318.51&proof=158e
61,tool,"trisimulation.lean","[61]",https://github.com/Escaped-RDFa/namespace?row=178&file=generated/godel_lattice.parquet&freq=440.00&proof=15ad
61,tool,"universal_compiler.lean","[61]",https://github.com/Escaped-RDFa/namespace?row=179&file=generated/godel_lattice.parquet&freq=440.00&proof=15cc
61,tool,"universal_convergence.lean","[61]",https://github.com/Escaped-RDFa/namespace?row=180&file=generated/godel_lattice.parquet&freq=440.00&proof=15eb
61,tool,"ziggurat_tower.lean","[61]",https://github.com/Escaped-RDFa/namespace?row=181&file=generated/godel_lattice.parquet&freq=1396.91&proof=160a
61,tool,"zkprologml_metacoq_equiv.lean","[61]",https://github.com/Escaped-RDFa/namespace?row=182&file=generated/godel_lattice.parquet&freq=440.00&proof=1629
67,tool,"calculate_heat.py","[67]",https://github.com/Escaped-RDFa/namespace?row=183&file=generated/godel_lattice.parquet&freq=1567.98&proof=1648
67,tool,"correlate_complexity_heat.py","[67]",https://github.com/Escaped-RDFa/namespace?row=184&file=generated/godel_lattice.parquet&freq=440.00&proof=1667
67,tool,"export_llm_traces_parquet.py","[67]",https://github.com/Escaped-RDFa/namespace?row=185&file=generated/godel_lattice.parquet&freq=440.00&proof=1686
67,tool,"measure_closed_loop_heat.py","[67]",https://github.com/Escaped-RDFa/namespace?row=186&file=generated/godel_lattice.parquet&freq=440.00&proof=16a5
71,file,"generated/convergence.pl","[71]",https://github.com/Escaped-RDFa/namespace?row=187&file=generated/godel_lattice.parquet&freq=1760.00&proof=16c4
71,file,"generated/emoji_patterns.pl","[71]",https://github.com/Escaped-RDFa/namespace?row=188&file=generated/godel_lattice.parquet&freq=440.00&proof=16e3
71,file,"generated/extracted_verify.pl","[71]",https://github.com/Escaped-RDFa/namespace?row=189&file=generated/godel_lattice.parquet&freq=440.00&proof=1702
71,file,"generated/regenerated_prime.pl","[71]",https://github.com/Escaped-RDFa/namespace?row=190&file=generated/godel_lattice.parquet&freq=440.00&proof=1721
71,file,"generated/zkprologml_mes.pl","[71]",https://github.com/Escaped-RDFa/namespace?row=191&file=generated/godel_lattice.parquet&freq=440.00&proof=1740
71,tool,"24h_resource_plan.pl","[71]",https://github.com/Escaped-RDFa/namespace?row=192&file=generated/godel_lattice.parquet&freq=440.00&proof=175f
71,tool,"71_meme_mining.pl","[71]",https://github.com/Escaped-RDFa/namespace?row=193&file=generated/godel_lattice.parquet&freq=1975.53&proof=177e
71,tool,"all_repos.pl","[71]",https://github.com/Escaped-RDFa/namespace?row=194&file=generated/godel_lattice.parquet&freq=440.00&proof=179d
71,tool,"analyze_all.pl","[71]",https://github.com/Escaped-RDFa/namespace?row=195&file=generated/godel_lattice.parquet&freq=440.00&proof=17bc
71,tool,"analyze_all_repos.pl","[71]",https://github.com/Escaped-RDFa/namespace?row=196&file=generated/godel_lattice.parquet&freq=440.00&proof=17db
71,tool,"analyze_everything.pl","[71]",https://github.com/Escaped-RDFa/namespace?row=197&file=generated/godel_lattice.parquet&freq=440.00&proof=17fa
71,tool,"automorphic_orbits.pl","[71]",https://github.com/Escaped-RDFa/namespace?row=198&file=generated/godel_lattice.parquet&freq=440.00&proof=1819
71,tool,"bisimulation.pl","[71]",https://github.com/Escaped-RDFa/namespace?row=199&file=generated/godel_lattice.parquet&freq=2093.00&proof=1838
71,tool,"bootstrap_proof.pl","[71]",https://github.com/Escaped-RDFa/namespace?row=200&file=generated/godel_lattice.parquet&freq=440.00&proof=1857
71,tool,"bott_k_theory.pl","[71]",https://github.com/Escaped-RDFa/namespace?row=201&file=generated/godel_lattice.parquet&freq=2349.32&proof=1876
71,tool,"c_complexity_facts.pl","[71]",https://github.com/Escaped-RDFa/namespace?row=202&file=generated/godel_lattice.parquet&freq=440.00&proof=1895
71,tool,"c_complexity_lattice.pl","[71]",https://github.com/Escaped-RDFa/namespace?row=203&file=generated/godel_lattice.parquet&freq=440.00&proof=18b4
71,tool,"c_syntax_harmonics.pl","[71]",https://github.com/Escaped-RDFa/namespace?row=204&file=generated/godel_lattice.parquet&freq=440.00&proof=18d3
71,tool,"closed_loop_primes.pl","[71]",https://github.com/Escaped-RDFa/namespace?row=205&file=generated/godel_lattice.parquet&freq=440.00&proof=18f2
71,tool,"compcert_monster.pl","[71]",https://github.com/Escaped-RDFa/namespace?row=206&file=generated/godel_lattice.parquet&freq=440.00&proof=1911
71,tool,"compile_to_music.pl","[71]",https://github.com/Escaped-RDFa/namespace?row=207&file=generated/godel_lattice.parquet&freq=2637.02&proof=1930
71,tool,"compiler_symphony.pl","[71]",https://github.com/Escaped-RDFa/namespace?row=208&file=generated/godel_lattice.parquet&freq=440.00&proof=194f
71,tool,"complexity_growth_proof.pl","[71]",https://github.com/Escaped-RDFa/namespace?row=209&file=generated/godel_lattice.parquet&freq=440.00&proof=196e
71,tool,"complexity_lattice_key.pl","[71]",https://github.com/Escaped-RDFa/namespace?row=210&file=generated/godel_lattice.parquet&freq=440.00&proof=198d
71,tool,"comprehend_lean_core.pl","[71]",https://github.com/Escaped-RDFa/namespace?row=211&file=generated/godel_lattice.parquet&freq=2793.83&proof=19ac
71,tool,"consume_parquet_git_prolog.pl","[71]",https://github.com/Escaped-RDFa/namespace?row=212&file=generated/godel_lattice.parquet&freq=440.00&proof=19cb
71,tool,"consume_prolog_variants.pl","[71]",https://github.com/Escaped-RDFa/namespace?row=213&file=generated/godel_lattice.parquet&freq=440.00&proof=19ea
71,tool,"convert_emoji_patterns.pl","[71]",https://github.com/Escaped-RDFa/namespace?row=214&file=generated/godel_lattice.parquet&freq=493.88&proof=1a09
71,tool,"coq_of_rust_integration.pl","[71]",https://github.com/Escaped-RDFa/namespace?row=215&file=generated/godel_lattice.parquet&freq=440.00&proof=1a28
71,tool,"coq_proof_harmonics.pl","[71]",https://github.com/Escaped-RDFa/namespace?row=216&file=generated/godel_lattice.parquet&freq=523.25&proof=1a47
71,tool,"dataset_complexity_binding.pl","[71]",https://github.com/Escaped-RDFa/namespace?row=217&file=generated/godel_lattice.parquet&freq=440.00&proof=1a66
71,tool,"eco_unification.pl","[71]",https://github.com/Escaped-RDFa/namespace?row=218&file=generated/godel_lattice.parquet&freq=587.33&proof=1a85
71,tool,"escher_loop.pl","[71]",https://github.com/Escaped-RDFa/namespace?row=219&file=generated/godel_lattice.parquet&freq=440.00&proof=1aa4
71,tool,"eternal_fungus_spore.pl","[71]",https://github.com/Escaped-RDFa/namespace?row=220&file=generated/godel_lattice.parquet&freq=440.00&proof=1ac3
71,tool,"eternal_proof_loop.pl","[71]",https://github.com/Escaped-RDFa/namespace?row=221&file=generated/godel_lattice.parquet&freq=440.00&proof=1ae2
71,tool,"example_queries.pl","[71]",https://github.com/Escaped-RDFa/namespace?row=222&file=generated/godel_lattice.parquet&freq=659.25&proof=1b01
71,tool,"expert_system_models.pl","[71]",https://github.com/Escaped-RDFa/namespace?row=223&file=generated/godel_lattice.parquet&freq=440.00&proof=1b20
71,tool,"extract_file.pl","[71]",https://github.com/Escaped-RDFa/namespace?row=224&file=generated/godel_lattice.parquet&freq=698.46&proof=1b3f
71,tool,"extract_keywords_find_similar.pl","[71]",https://github.com/Escaped-RDFa/namespace?row=225&file=generated/godel_lattice.parquet&freq=440.00&proof=1b5e
71,tool,"extract_noweb.pl","[71]",https://github.com/Escaped-RDFa/namespace?row=226&file=generated/godel_lattice.parquet&freq=440.00&proof=1b7d
71,tool,"fail2llm.pl","[71]",https://github.com/Escaped-RDFa/namespace?row=227&file=generated/godel_lattice.parquet&freq=440.00&proof=1b9c
71,tool,"fifth_generation.pl","[71]",https://github.com/Escaped-RDFa/namespace?row=228&file=generated/godel_lattice.parquet&freq=783.99&proof=1bbb
71,tool,"find2pipelight.pl","[71]",https://github.com/Escaped-RDFa/namespace?row=229&file=generated/godel_lattice.parquet&freq=440.00&proof=1bda
71,tool,"find_ocaml_kernel.pl","[71]",https://github.com/Escaped-RDFa/namespace?row=230&file=generated/godel_lattice.parquet&freq=880.00&proof=1bf9
71,tool,"find_producer.pl","[71]",https://github.com/Escaped-RDFa/namespace?row=231&file=generated/godel_lattice.parquet&freq=440.00&proof=1c18
71,tool,"find_similar_plan_merge.pl","[71]",https://github.com/Escaped-RDFa/namespace?row=232&file=generated/godel_lattice.parquet&freq=440.00&proof=1c37
71,tool,"flag_lattice.pl","[71]",https://github.com/Escaped-RDFa/namespace?row=233&file=generated/godel_lattice.parquet&freq=440.00&proof=1c56
71,tool,"full_spectrum_press.pl","[71]",https://github.com/Escaped-RDFa/namespace?row=234&file=generated/godel_lattice.parquet&freq=987.77&proof=1c75
71,tool,"galois_tower.pl","[71]",https://github.com/Escaped-RDFa/namespace?row=235&file=generated/godel_lattice.parquet&freq=440.00&proof=1c94
71,tool,"galois_tower_unification.pl","[71]",https://github.com/Escaped-RDFa/namespace?row=236&file=generated/godel_lattice.parquet&freq=440.00&proof=1cb3
71,tool,"generate_audio.pl","[71]",https://github.com/Escaped-RDFa/namespace?row=237&file=generated/godel_lattice.parquet&freq=440.00&proof=1cd2
71,tool,"generate_hf_datasets.pl","[71]",https://github.com/Escaped-RDFa/namespace?row=238&file=generated/godel_lattice.parquet&freq=440.00&proof=1cf1
71,tool,"generate_latex_report.pl","[71]",https://github.com/Escaped-RDFa/namespace?row=239&file=generated/godel_lattice.parquet&freq=440.00&proof=1d10
71,tool,"generate_lilypond.pl","[71]",https://github.com/Escaped-RDFa/namespace?row=240&file=generated/godel_lattice.parquet&freq=1046.50&proof=1d2f
71,tool,"generate_literate_report.pl","[71]",https://github.com/Escaped-RDFa/namespace?row=241&file=generated/godel_lattice.parquet&freq=440.00&proof=1d4e
71,tool,"generate_minizinc.pl","[71]",https://github.com/Escaped-RDFa/namespace?row=242&file=generated/godel_lattice.parquet&freq=1174.66&proof=1d6d
71,tool,"generate_score.pl","[71]",https://github.com/Escaped-RDFa/namespace?row=243&file=generated/godel_lattice.parquet&freq=440.00&proof=1d8c
71,tool,"generate_v3_literate.pl","[71]",https://github.com/Escaped-RDFa/namespace?row=244&file=generated/godel_lattice.parquet&freq=440.00&proof=1dab
71,tool,"godel_programs.pl","[71]",https://github.com/Escaped-RDFa/namespace?row=245&file=generated/godel_lattice.parquet&freq=440.00&proof=1dca
71,tool,"godel_visit.pl","[71]",https://github.com/Escaped-RDFa/namespace?row=246&file=generated/godel_lattice.parquet&freq=440.00&proof=1de9
71,tool,"godel_wrapped.pl","[71]",https://github.com/Escaped-RDFa/namespace?row=247&file=generated/godel_lattice.parquet&freq=440.00&proof=1e08
71,tool,"grand_unification.pl","[71]",https://github.com/Escaped-RDFa/namespace?row=248&file=generated/godel_lattice.parquet&freq=1318.51&proof=1e27
71,tool,"harmonic_complexity.pl","[71]",https://github.com/Escaped-RDFa/namespace?row=249&file=generated/godel_lattice.parquet&freq=440.00&proof=1e46
71,tool,"hecke_pipeline.pl","[71]",https://github.com/Escaped-RDFa/namespace?row=250&file=generated/godel_lattice.parquet&freq=440.00&proof=1e65
71,tool,"homomorphic_shards.pl","[71]",https://github.com/Escaped-RDFa/namespace?row=251&file=generated/godel_lattice.parquet&freq=440.00&proof=1e84
71,tool,"horizontal_meme_transfer.pl","[71]",https://github.com/Escaped-RDFa/namespace?row=252&file=generated/godel_lattice.parquet&freq=1396.91&proof=1ea3
71,tool,"infer_rust_producers.pl","[71]",https://github.com/Escaped-RDFa/namespace?row=253&file=generated/godel_lattice.parquet&freq=440.00&proof=1ec2
71,tool,"ingest_lean_json.pl","[71]",https://github.com/Escaped-RDFa/namespace?row=254&file=generated/godel_lattice.parquet&freq=1567.98&proof=1ee1
71,tool,"ingest_mes.pl","[71]",https://github.com/Escaped-RDFa/namespace?row=255&file=generated/godel_lattice.parquet&freq=440.00&proof=1f00
71,tool,"ingest_ocaml_perf.pl","[71]",https://github.com/Escaped-RDFa/namespace?row=256&file=generated/godel_lattice.parquet&freq=440.00&proof=1f1f
71,tool,"ingest_parquets_reasoning.pl","[71]",https://github.com/Escaped-RDFa/namespace?row=257&file=generated/godel_lattice.parquet&freq=440.00&proof=1f3e
71,tool,"label_compcert_files.pl","[71]",https://github.com/Escaped-RDFa/namespace?row=258&file=generated/godel_lattice.parquet&freq=1760.00&proof=1f5d
71,tool,"label_source_with_traces.pl","[71]",https://github.com/Escaped-RDFa/namespace?row=259&file=generated/godel_lattice.parquet&freq=440.00&proof=1f7c
71,tool,"lift_ocaml_to_rust.pl","[71]",https://github.com/Escaped-RDFa/namespace?row=260&file=generated/godel_lattice.parquet&freq=440.00&proof=1f9b
71,tool,"lift_to_71_shards.pl","[71]",https://github.com/Escaped-RDFa/namespace?row=261&file=generated/godel_lattice.parquet&freq=440.00&proof=1fba
71,tool,"lift_to_metacoq.pl","[71]",https://github.com/Escaped-RDFa/namespace?row=262&file=generated/godel_lattice.parquet&freq=440.00&proof=1fd9
71,tool,"lists_of_lists_meta.pl","[71]",https://github.com/Escaped-RDFa/namespace?row=263&file=generated/godel_lattice.parquet&freq=440.00&proof=1ff8
71,tool,"llm_activation_lattice.pl","[71]",https://github.com/Escaped-RDFa/namespace?row=264&file=generated/godel_lattice.parquet&freq=1975.53&proof=2017
71,tool,"lmfdb_monster_model.pl","[71]",https://github.com/Escaped-RDFa/namespace?row=265&file=generated/godel_lattice.parquet&freq=440.00&proof=2036
71,tool,"map_code_to_monster_lattice.pl","[71]",https://github.com/Escaped-RDFa/namespace?row=266&file=generated/godel_lattice.parquet&freq=440.00&proof=2055
71,tool,"map_gcc_tree.pl","[71]",https://github.com/Escaped-RDFa/namespace?row=267&file=generated/godel_lattice.parquet&freq=440.00&proof=2074
71,tool,"maxwells_equations_software.pl","[71]",https://github.com/Escaped-RDFa/namespace?row=268&file=generated/godel_lattice.parquet&freq=440.00&proof=2093
71,tool,"mes_formalization.pl","[71]",https://github.com/Escaped-RDFa/namespace?row=269&file=generated/godel_lattice.parquet&freq=440.00&proof=20b2
71,tool,"mes_in_prolog.pl","[71]",https://github.com/Escaped-RDFa/namespace?row=270&file=generated/godel_lattice.parquet&freq=2093.00&proof=20d1
71,tool,"meta_expert_system.pl","[71]",https://github.com/Escaped-RDFa/namespace?row=271&file=generated/godel_lattice.parquet&freq=440.00&proof=20f0
71,tool,"meta_prolog_universal_lift.pl","[71]",https://github.com/Escaped-RDFa/namespace?row=272&file=generated/godel_lattice.parquet&freq=2349.32&proof=210f
71,tool,"monitor_build_perf_ingest.pl","[71]",https://github.com/Escaped-RDFa/namespace?row=273&file=generated/godel_lattice.parquet&freq=440.00&proof=212e
71,tool,"monster_complexity_proof.pl","[71]",https://github.com/Escaped-RDFa/namespace?row=274&file=generated/godel_lattice.parquet&freq=440.00&proof=214d
71,tool,"monster_lattice_features.pl","[71]",https://github.com/Escaped-RDFa/namespace?row=275&file=generated/godel_lattice.parquet&freq=440.00&proof=216c
71,tool,"monster_port.pl","[71]",https://github.com/Escaped-RDFa/namespace?row=276&file=generated/godel_lattice.parquet&freq=440.00&proof=218b
71,tool,"multichain_anon_sampler.pl","[71]",https://github.com/Escaped-RDFa/namespace?row=277&file=generated/godel_lattice.parquet&freq=440.00&proof=21aa
71,tool,"muselang.pl","[71]",https://github.com/Escaped-RDFa/namespace?row=278&file=generated/godel_lattice.parquet&freq=2637.02&proof=21c9
71,tool,"opcode_matrix.pl","[71]",https://github.com/Escaped-RDFa/namespace?row=279&file=generated/godel_lattice.parquet&freq=440.00&proof=21e8
71,tool,"operation_monster_embedding.pl","[71]",https://github.com/Escaped-RDFa/namespace?row=280&file=generated/godel_lattice.parquet&freq=440.00&proof=2207
71,tool,"optimize_layout.pl","[71]",https://github.com/Escaped-RDFa/namespace?row=281&file=generated/godel_lattice.parquet&freq=440.00&proof=2226
71,tool,"oracle_24h.pl","[71]",https://github.com/Escaped-RDFa/namespace?row=282&file=generated/godel_lattice.parquet&freq=2793.83&proof=2245
71,tool,"oracle_find_parquet_reader.pl","[71]",https://github.com/Escaped-RDFa/namespace?row=283&file=generated/godel_lattice.parquet&freq=440.00&proof=2264
71,tool,"oracle_find_syn_parser.pl","[71]",https://github.com/Escaped-RDFa/namespace?row=284&file=generated/godel_lattice.parquet&freq=440.00&proof=2283
71,tool,"oracle_git_history_mcts.pl","[71]",https://github.com/Escaped-RDFa/namespace?row=285&file=generated/godel_lattice.parquet&freq=493.88&proof=22a2
71,tool,"oracle_load_real_data.pl","[71]",https://github.com/Escaped-RDFa/namespace?row=286&file=generated/godel_lattice.parquet&freq=440.00&proof=22c1
71,tool,"oracle_map_filesystem.pl","[71]",https://github.com/Escaped-RDFa/namespace?row=287&file=generated/godel_lattice.parquet&freq=523.25&proof=22e0
71,tool,"oracle_parquet_scanner.pl","[71]",https://github.com/Escaped-RDFa/namespace?row=288&file=generated/godel_lattice.parquet&freq=440.00&proof=22ff
71,tool,"oracle_prove_lattice_real.pl","[71]",https://github.com/Escaped-RDFa/namespace?row=289&file=generated/godel_lattice.parquet&freq=587.33&proof=231e
71,tool,"oracle_substrace_syn_finder.pl","[71]",https://github.com/Escaped-RDFa/namespace?row=290&file=generated/godel_lattice.parquet&freq=440.00&proof=233d
71,tool,"parquet_expert.pl","[71]",https://github.com/Escaped-RDFa/namespace?row=291&file=generated/godel_lattice.parquet&freq=440.00&proof=235c
71,tool,"parquet_lists.pl","[71]",https://github.com/Escaped-RDFa/namespace?row=292&file=generated/godel_lattice.parquet&freq=440.00&proof=237b
71,tool,"parquet_macros.pl","[71]",https://github.com/Escaped-RDFa/namespace?row=293&file=generated/godel_lattice.parquet&freq=659.25&proof=239a
71,tool,"perf_data.pl","[71]",https://github.com/Escaped-RDFa/namespace?row=294&file=generated/godel_lattice.parquet&freq=440.00&proof=23b9
71,tool,"perf_novelty_proof.pl","[71]",https://github.com/Escaped-RDFa/namespace?row=295&file=generated/godel_lattice.parquet&freq=698.46&proof=23d8
71,tool,"phase2_self_regenerate.pl","[71]",https://github.com/Escaped-RDFa/namespace?row=296&file=generated/godel_lattice.parquet&freq=440.00&proof=23f7
71,tool,"prime71_universe.pl","[71]",https://github.com/Escaped-RDFa/namespace?row=297&file=generated/godel_lattice.parquet&freq=440.00&proof=2416
71,tool,"prime_23_elf_tools.pl","[71]",https://github.com/Escaped-RDFa/namespace?row=298&file=generated/godel_lattice.parquet&freq=440.00&proof=2435
71,tool,"prime_abi_adapter.pl","[71]",https://github.com/Escaped-RDFa/namespace?row=299&file=generated/godel_lattice.parquet&freq=783.99&proof=2454
71,tool,"prime_harmonics.pl","[71]",https://github.com/Escaped-RDFa/namespace?row=300&file=generated/godel_lattice.parquet&freq=440.00&proof=2473
71,tool,"project_expert.pl","[71]",https://github.com/Escaped-RDFa/namespace?row=301&file=generated/godel_lattice.parquet&freq=880.00&proof=2492
71,tool,"prolog_fork_queue.pl","[71]",https://github.com/Escaped-RDFa/namespace?row=302&file=generated/godel_lattice.parquet&freq=440.00&proof=24b1
71,tool,"prolog_orbits_self_label.pl","[71]",https://github.com/Escaped-RDFa/namespace?row=303&file=generated/godel_lattice.parquet&freq=440.00&proof=24d0
71,tool,"prolog_rustc_bridge.pl","[71]",https://github.com/Escaped-RDFa/namespace?row=304&file=generated/godel_lattice.parquet&freq=440.00&proof=24ef
71,tool,"prolog_to_rust.pl","[71]",https://github.com/Escaped-RDFa/namespace?row=305&file=generated/godel_lattice.parquet&freq=987.77&proof=250e
71,tool,"prolog_unification_plan.pl","[71]",https://github.com/Escaped-RDFa/namespace?row=306&file=generated/godel_lattice.parquet&freq=440.00&proof=252d
71,tool,"prove_congruence.pl","[71]",https://github.com/Escaped-RDFa/namespace?row=307&file=generated/godel_lattice.parquet&freq=440.00&proof=254c
71,tool,"prove_elf_complexity_23.pl","[71]",https://github.com/Escaped-RDFa/namespace?row=308&file=generated/godel_lattice.parquet&freq=440.00&proof=256b
71,tool,"prove_lattice_complexity.pl","[71]",https://github.com/Escaped-RDFa/namespace?row=309&file=generated/godel_lattice.parquet&freq=440.00&proof=258a
71,tool,"pump_token_tracker.pl","[71]",https://github.com/Escaped-RDFa/namespace?row=310&file=generated/godel_lattice.parquet&freq=440.00&proof=25a9
71,tool,"real_measurements.pl","[71]",https://github.com/Escaped-RDFa/namespace?row=311&file=generated/godel_lattice.parquet&freq=1046.50&proof=25c8
71,tool,"reason_lists_of_lists.pl","[71]",https://github.com/Escaped-RDFa/namespace?row=312&file=generated/godel_lattice.parquet&freq=440.00&proof=25e7
71,tool,"reconstruct_compcert.pl","[71]",https://github.com/Escaped-RDFa/namespace?row=313&file=generated/godel_lattice.parquet&freq=1174.66&proof=2606
71,tool,"register_analysis.pl","[71]",https://github.com/Escaped-RDFa/namespace?row=314&file=generated/godel_lattice.parquet&freq=440.00&proof=2625
71,tool,"register_instruction_profiler.pl","[71]",https://github.com/Escaped-RDFa/namespace?row=315&file=generated/godel_lattice.parquet&freq=440.00&proof=2644
71,tool,"safe_oracle_injection.pl","[71]",https://github.com/Escaped-RDFa/namespace?row=316&file=generated/godel_lattice.parquet&freq=440.00&proof=2663
71,tool,"scheme_c_convergence.pl","[71]",https://github.com/Escaped-RDFa/namespace?row=317&file=generated/godel_lattice.parquet&freq=440.00&proof=2682
71,tool,"search_fuzzing_code.pl","[71]",https://github.com/Escaped-RDFa/namespace?row=318&file=generated/godel_lattice.parquet&freq=440.00&proof=26a1
71,tool,"self_aware_prolog.pl","[71]",https://github.com/Escaped-RDFa/namespace?row=319&file=generated/godel_lattice.parquet&freq=1318.51&proof=26c0
71,tool,"self_eigenvector.pl","[71]",https://github.com/Escaped-RDFa/namespace?row=320&file=generated/godel_lattice.parquet&freq=440.00&proof=26df
71,tool,"self_hosting_prolog_tower.pl","[71]",https://github.com/Escaped-RDFa/namespace?row=321&file=generated/godel_lattice.parquet&freq=440.00&proof=26fe
71,tool,"self_introspect_homotopy.pl","[71]",https://github.com/Escaped-RDFa/namespace?row=322&file=generated/godel_lattice.parquet&freq=440.00&proof=271d
71,tool,"self_reading_prolog.pl","[71]",https://github.com/Escaped-RDFa/namespace?row=323&file=generated/godel_lattice.parquet&freq=1396.91&proof=273c
71,tool,"self_replicating_seed.pl","[71]",https://github.com/Escaped-RDFa/namespace?row=324&file=generated/godel_lattice.parquet&freq=440.00&proof=275b
71,tool,"self_tracing_fixed_point.pl","[71]",https://github.com/Escaped-RDFa/namespace?row=325&file=generated/godel_lattice.parquet&freq=1567.98&proof=277a
71,tool,"self_translate_prove.pl","[71]",https://github.com/Escaped-RDFa/namespace?row=326&file=generated/godel_lattice.parquet&freq=440.00&proof=2799
71,tool,"shard_into_71.pl","[71]",https://github.com/Escaped-RDFa/namespace?row=327&file=generated/godel_lattice.parquet&freq=440.00&proof=27b8
71,tool,"solana_predictor.pl","[71]",https://github.com/Escaped-RDFa/namespace?row=328&file=generated/godel_lattice.parquet&freq=440.00&proof=27d7
71,tool,"solana_v10.pl","[71]",https://github.com/Escaped-RDFa/namespace?row=329&file=generated/godel_lattice.parquet&freq=1760.00&proof=27f6
71,tool,"solana_v12.pl","[71]",https://github.com/Escaped-RDFa/namespace?row=330&file=generated/godel_lattice.parquet&freq=440.00&proof=2815
71,tool,"solana_v13.pl","[71]",https://github.com/Escaped-RDFa/namespace?row=331&file=generated/godel_lattice.parquet&freq=440.00&proof=2834
71,tool,"solana_v14.pl","[71]",https://github.com/Escaped-RDFa/namespace?row=332&file=generated/godel_lattice.parquet&freq=440.00&proof=2853
71,tool,"solana_v15.pl","[71]",https://github.com/Escaped-RDFa/namespace?row=333&file=generated/godel_lattice.parquet&freq=440.00&proof=2872
71,tool,"solana_v16.pl","[71]",https://github.com/Escaped-RDFa/namespace?row=334&file=generated/godel_lattice.parquet&freq=440.00&proof=2891
71,tool,"solana_v19.pl","[71]",https://github.com/Escaped-RDFa/namespace?row=335&file=generated/godel_lattice.parquet&freq=1975.53&proof=28b0
71,tool,"solana_v2.pl","[71]",https://github.com/Escaped-RDFa/namespace?row=336&file=generated/godel_lattice.parquet&freq=440.00&proof=28cf
71,tool,"solana_v21.pl","[71]",https://github.com/Escaped-RDFa/namespace?row=337&file=generated/godel_lattice.parquet&freq=440.00&proof=28ee
71,tool,"solana_v22.pl","[71]",https://github.com/Escaped-RDFa/namespace?row=338&file=generated/godel_lattice.parquet&freq=440.00&proof=290d
71,tool,"solana_v23.pl","[71]",https://github.com/Escaped-RDFa/namespace?row=339&file=generated/godel_lattice.parquet&freq=440.00&proof=292c
71,tool,"solana_v25.pl","[71]",https://github.com/Escaped-RDFa/namespace?row=340&file=generated/godel_lattice.parquet&freq=440.00&proof=294b
71,tool,"solana_v27.pl","[71]",https://github.com/Escaped-RDFa/namespace?row=341&file=generated/godel_lattice.parquet&freq=2093.00&proof=296a
71,tool,"solana_v28.pl","[71]",https://github.com/Escaped-RDFa/namespace?row=342&file=generated/godel_lattice.parquet&freq=440.00&proof=2989
71,tool,"solana_v29.pl","[71]",https://github.com/Escaped-RDFa/namespace?row=343&file=generated/godel_lattice.parquet&freq=2349.32&proof=29a8
71,tool,"solana_v3.pl","[71]",https://github.com/Escaped-RDFa/namespace?row=344&file=generated/godel_lattice.parquet&freq=440.00&proof=29c7
71,tool,"solana_v30.pl","[71]",https://github.com/Escaped-RDFa/namespace?row=345&file=generated/godel_lattice.parquet&freq=440.00&proof=29e6
71,tool,"solana_v31.pl","[71]",https://github.com/Escaped-RDFa/namespace?row=346&file=generated/godel_lattice.parquet&freq=440.00&proof=2a05
71,tool,"solana_v32.pl","[71]",https://github.com/Escaped-RDFa/namespace?row=347&file=generated/godel_lattice.parquet&freq=440.00&proof=2a24
71,tool,"solana_v34.pl","[71]",https://github.com/Escaped-RDFa/namespace?row=348&file=generated/godel_lattice.parquet&freq=440.00&proof=2a43
71,tool,"solana_v35.pl","[71]",https://github.com/Escaped-RDFa/namespace?row=349&file=generated/godel_lattice.parquet&freq=2637.02&proof=2a62
71,tool,"solana_v36.pl","[71]",https://github.com/Escaped-RDFa/namespace?row=350&file=generated/godel_lattice.parquet&freq=440.00&proof=2a81
71,tool,"solana_v4.pl","[71]",https://github.com/Escaped-RDFa/namespace?row=351&file=generated/godel_lattice.parquet&freq=440.00&proof=2aa0
71,tool,"solana_v5.pl","[71]",https://github.com/Escaped-RDFa/namespace?row=352&file=generated/godel_lattice.parquet&freq=440.00&proof=2abf
71,tool,"solana_v6.pl","[71]",https://github.com/Escaped-RDFa/namespace?row=353&file=generated/godel_lattice.parquet&freq=2793.83&proof=2ade
71,tool,"solana_v7.pl","[71]",https://github.com/Escaped-RDFa/namespace?row=354&file=generated/godel_lattice.parquet&freq=440.00&proof=2afd
71,tool,"solana_v8.pl","[71]",https://github.com/Escaped-RDFa/namespace?row=355&file=generated/godel_lattice.parquet&freq=440.00&proof=2b1c
71,tool,"solana_v9.pl","[71]",https://github.com/Escaped-RDFa/namespace?row=356&file=generated/godel_lattice.parquet&freq=493.88&proof=2b3b
71,tool,"strange_loop.pl","[71]",https://github.com/Escaped-RDFa/namespace?row=357&file=generated/godel_lattice.parquet&freq=440.00&proof=2b5a
71,tool,"syntax_lattice.pl","[71]",https://github.com/Escaped-RDFa/namespace?row=358&file=generated/godel_lattice.parquet&freq=523.25&proof=2b79
71,tool,"test_all_primes.pl","[71]",https://github.com/Escaped-RDFa/namespace?row=359&file=generated/godel_lattice.parquet&freq=440.00&proof=2b98
71,tool,"test_compiler_equivalence.pl","[71]",https://github.com/Escaped-RDFa/namespace?row=360&file=generated/godel_lattice.parquet&freq=587.33&proof=2bb7
71,tool,"test_variations.pl","[71]",https://github.com/Escaped-RDFa/namespace?row=361&file=generated/godel_lattice.parquet&freq=440.00&proof=2bd6
71,tool,"thermodynamic_proof.pl","[71]",https://github.com/Escaped-RDFa/namespace?row=362&file=generated/godel_lattice.parquet&freq=440.00&proof=2bf5
71,tool,"trisimulation.pl","[71]",https://github.com/Escaped-RDFa/namespace?row=363&file=generated/godel_lattice.parquet&freq=440.00&proof=2c14
71,tool,"universal_compiler.pl","[71]",https://github.com/Escaped-RDFa/namespace?row=364&file=generated/godel_lattice.parquet&freq=659.25&proof=2c33
71,tool,"universal_convergence.pl","[71]",https://github.com/Escaped-RDFa/namespace?row=365&file=generated/godel_lattice.parquet&freq=440.00&proof=2c52
71,tool,"universal_coq_consumer.pl","[71]",https://github.com/Escaped-RDFa/namespace?row=366&file=generated/godel_lattice.parquet&freq=698.46&proof=2c71
71,tool,"universal_godel_lattice.pl","[71]",https://github.com/Escaped-RDFa/namespace?row=367&file=generated/godel_lattice.parquet&freq=440.00&proof=2c90
71,tool,"universal_port.pl","[71]",https://github.com/Escaped-RDFa/namespace?row=368&file=generated/godel_lattice.parquet&freq=440.00&proof=2caf
71,tool,"universal_syntax_inference.pl","[71]",https://github.com/Escaped-RDFa/namespace?row=369&file=generated/godel_lattice.parquet&freq=440.00&proof=2cce
71,tool,"update_metacoq_repos.pl","[71]",https://github.com/Escaped-RDFa/namespace?row=370&file=generated/godel_lattice.parquet&freq=783.99&proof=2ced
71,tool,"visualize_harmonics.pl","[71]",https://github.com/Escaped-RDFa/namespace?row=371&file=generated/godel_lattice.parquet&freq=440.00&proof=2d0c
71,tool,"ziggurat_tower.pl","[71]",https://github.com/Escaped-RDFa/namespace?row=372&file=generated/godel_lattice.parquet&freq=880.00&proof=2d2b
71,tool,"zk_witness_system.pl","[71]",https://github.com/Escaped-RDFa/namespace?row=373&file=generated/godel_lattice.parquet&freq=440.00&proof=2d4a
71,tool,"zkml_seed.pl","[71]",https://github.com/Escaped-RDFa/namespace?row=374&file=generated/godel_lattice.parquet&freq=440.00&proof=2d69
71,tool,"zkprologml.pl","[71]",https://github.com/Escaped-RDFa/namespace?row=375&file=generated/godel_lattice.parquet&freq=440.00&proof=2d88
71,tool,"zkprologml_fork.pl","[71]",https://github.com/Escaped-RDFa/namespace?row=376&file=generated/godel_lattice.parquet&freq=987.77&proof=2da7
71,tool,"zkprologml_metacoq_equiv.pl","[71]",https://github.com/Escaped-RDFa/namespace?row=377&file=generated/godel_lattice.parquet&freq=440.00&proof=2dc6
95,file,"generated/audio_features.csv","[5,19]",https://github.com/Escaped-RDFa/namespace?row=378&file=generated/godel_lattice.parquet&freq=440.00&proof=2de5
95,file,"generated/closed_loop_heat.csv","[5,19]",https://github.com/Escaped-RDFa/namespace?row=379&file=generated/godel_lattice.parquet&freq=440.00&proof=2e04
95,file,"generated/godel_lattice.csv","[5,19]",https://github.com/Escaped-RDFa/namespace?row=380&file=generated/godel_lattice.parquet&freq=440.00&proof=2e23
95,file,"generated/prime_harmonics.csv","[5,19]",https://github.com/Escaped-RDFa/namespace?row=381&file=generated/godel_lattice.parquet&freq=440.00&proof=2e42
95,file,"generated/shard_manifest.csv","[5,19]",https://github.com/Escaped-RDFa/namespace?row=382&file=generated/godel_lattice.parquet&freq=1046.50&proof=2e61
95,file,"generated/tool_index.csv","[5,19]",https://github.com/Escaped-RDFa/namespace?row=383&file=generated/godel_lattice.parquet&freq=440.00&proof=2e80
589,parquet,"generated/audio_features.parquet","[19,31]",https://github.com/Escaped-RDFa/namespace?row=384&file=generated/godel_lattice.parquet&freq=1174.66&proof=2e9f
